Campaign,Campaign Type,Networks,Budget,Budget type,Bid Strategy Type,Enhanced CPC,Final URL suffix,Campaign Status,Ad Group,Ad Group Type,Ad Group Status,Max CPC,Keyword,Criterion Type,ID,Location,Bid Modifier,Audience,Flexible Reach,Type,Ad type,Headline 1,Headline 1 position,Headline 2,Headline 2 position,Headline 3,Headline 3 position,Headline 4,Headline 4 position,Headline 5,Headline 5 position,Headline 6,Headline 6 position,Headline 7,Headline 7 position,Headline 8,Headline 8 position,Headline 9,Headline 9 position,Headline 10,Headline 10 position,Headline 11,Headline 11 position,Headline 12,Headline 12 position,Headline 13,Headline 13 position,Headline 14,Headline 14 position,Headline 15,Headline 15 position,Description 1,Description 2,Description 3,Description 4,Path 1,Path 2,Final URL,Status,Comment
Core PPC Services - UAE,Search,Google search,1000,Daily,Manual CPC,Disabled,kw={keyword},Paused,,,,,,,,,,,,,,,,,,,,,,,,,,,,,,,,,,,,,,,,,,,,,,,,,,,,
Core PPC Services - UAE,,,,,,,,,Google Local Services Ads (LSA),Standard,Enabled,2277,,,,,,,,,,,,,,,,,,,,,,,,,,,,,,,,,,,,,,,,,,,,,,,,
Core PPC Services - UAE,,,,,,,,,Google Local Services Ads (LSA),,,1796,local services ads,Phrase,,,,,,,,,,,,,,,,,,,,,,,,,,,,,,,,,,,,,,,,,,,,,,
Core PPC Services - UAE,,,,,,,,,Google Local Services Ads (LSA),,,2277,google local ads,Phrase,,,,,,,,,,,,,,,,,,,,,,,,,,,,,,,,,,,,,,,,,,,,,,
Core PPC Services - UAE,,,,,,,,,Google Local Services Ads (LSA),,,2277,google local advertising,Phrase,,,,,,,,,,,,,,,,,,,,,,,,,,,,,,,,,,,,,,,,,,,,,,
Core PPC Services - UAE,,,,,,,,,Google Local Services Ads (LSA),,,2277,google local service ads,Phrase,,,,,,,,,,,,,,,,,,,,,,,,,,,,,,,,,,,,,,,,,,,,,,
Core PPC Services - UAE,,,,,,,,,Google Local Services Ads (LSA),,,2277,local services ads google,Phrase,,,,,,,,,,,,,,,,,,,,,,,,,,,,,,,,,,,,,,,,,,,,,,
Core PPC Services - UAE,,,,,,,,,Google Local Services Ads (LSA),,,2277,local services ads by google,Phrase,,,,,,,,,,,,,,,,,,,,,,,,,,,,,,,,,,,,,,,,,,,,,,
Core PPC Services - UAE,,,,,,,,,Google Local Services Ads (LSA),,,2277,google local ad services,Phrase,,,,,,,,,,,,,,,,,,,,,,,,,,,,,,,,,,,,,,,,,,,,,,
Core PPC Services - UAE,,,,,,,,,Google Local Services Ads (LSA),,,2277,local search ad,Phrase,,,,,,,,,,,,,,,,,,,,,,,,,,,,,,,,,,,,,,,,,,,,,,
Core PPC Services - UAE,,,,,,,,,Google Local Services Ads (LSA),,,2277,google local service,Phrase,,,,,,,,,,,,,,,,,,,,,,,,,,,,,,,,,,,,,,,,,,,,,,
Core PPC Services - UAE,,,,,,,,,Google Local Services Ads (LSA),,,2277,google local search ads,Phrase,,,,,,,,,,,,,,,,,,,,,,,,,,,,,,,,,,,,,,,,,,,,,,
Core PPC Services - UAE,,,,,,,,,Google Local Services Ads (LSA),,,2277,local search ads on google maps,Phrase,,,,,,,,,,,,,,,,,,,,,,,,,,,,,,,,,,,,,,,,,,,,,,
Core PPC Services - UAE,,,,,,,,,Google Local Services Ads (LSA),,,2277,ads google com local services ads,Phrase,,,,,,,,,,,,,,,,,,,,,,,,,,,,,,,,,,,,,,,,,,,,,,
Core PPC Services - UAE,,,,,,,,,Google Local Services Ads (LSA),,,2277,google local leads,Phrase,,,,,,,,,,,,,,,,,,,,,,,,,,,,,,,,,,,,,,,,,,,,,,
Core PPC Services - UAE,,,,,,,,,Google Local Services Ads (LSA),,,2277,local services ads dubai cost,Phrase,,,,,,,,,,,,,,,,,,,,,,,,,,,,,,,,,,,,,,,,,,,,,,
Core PPC Services - UAE,,,,,,,,,Google Local Services Ads (LSA),,,2277,get listed on google local services ads uae,Phrase,,,,,,,,,,,,,,,,,,,,,,,,,,,,,,,,,,,,,,,,,,,,,,
Core PPC Services - UAE,,,,,,,,,Google Local Services Ads (LSA),,,2277,google local services ads setup dubai,Phrase,,,,,,,,,,,,,,,,,,,,,,,,,,,,,,,,,,,,,,,,,,,,,,
Core PPC Services - UAE,,,,,,,,,Google Local Services Ads (LSA),,,2277,local service ads management abu dhabi,Phrase,,,,,,,,,,,,,,,,,,,,,,,,,,,,,,,,,,,,,,,,,,,,,,
Core PPC Services - UAE,,,,,,,,,Google Local Services Ads (LSA),,,2277,google local ads pricing uae,Phrase,,,,,,,,,,,,,,,,,,,,,,,,,,,,,,,,,,,,,,,,,,,,,,
Core PPC Services - UAE,,,,,,,,,Google Local Services Ads (LSA),,,2277,local services ads for contractors dubai,Phrase,,,,,,,,,,,,,,,,,,,,,,,,,,,,,,,,,,,,,,,,,,,,,,
Core PPC Services - UAE,,,,,,,,,Google Local Services Ads (LSA),,,2277,google map ads management uae,Phrase,,,,,,,,,,,,,,,,,,,,,,,,,,,,,,,,,,,,,,,,,,,,,,
Core PPC Services - UAE,,,,,,,,,Google Local Services Ads (LSA),,,2277,google local services ads verification uae,Phrase,,,,,,,,,,,,,,,,,,,,,,,,,,,,,,,,,,,,,,,,,,,,,,
Core PPC Services - UAE,,,,,,,,,Google Local Services Ads (LSA),,,,agency,Negative Phrase,,,,,,,,,,,,,,,,,,,,,,,,,,,,,,,,,,,,,,,,,,,,,,
Core PPC Services - UAE,,,,,,,,,Google Local Services Ads (LSA),,,,hire,Negative Phrase,,,,,,,,,,,,,,,,,,,,,,,,,,,,,,,,,,,,,,,,,,,,,,
Core PPC Services - UAE,,,,,,,,,Google Local Services Ads (LSA),,,,consultant,Negative Phrase,,,,,,,,,,,,,,,,,,,,,,,,,,,,,,,,,,,,,,,,,,,,,,
Core PPC Services - UAE,,,,,,,,,Google Local Services Ads (LSA),,,,expert,Negative Phrase,,,,,,,,,,,,,,,,,,,,,,,,,,,,,,,,,,,,,,,,,,,,,,
Core PPC Services - UAE,,,,,,,,,Google Local Services Ads (LSA),,,,guaranteed,Negative Phrase,,,,,,,,,,,,,,,,,,,,,,,,,,,,,,,,,,,,,,,,,,,,,,
Core PPC Services - UAE,,,,,,,,,Google Local Services Ads (LSA),,,,shopping,Negative Phrase,,,,,,,,,,,,,,,,,,,,,,,,,,,,,,,,,,,,,,,,,,,,,,
Core PPC Services - UAE,,,,,,,,,Google Local Services Ads (LSA),,,,display,Negative Phrase,,,,,,,,,,,,,,,,,,,,,,,,,,,,,,,,,,,,,,,,,,,,,,
Core PPC Services - UAE,,,,,,,,,Google Local Services Ads (LSA),,,,law firm,Negative Phrase,,,,,,,,,,,,,,,,,,,,,,,,,,,,,,,,,,,,,,,,,,,,,,
Core PPC Services - UAE,,,,,,,,,Google Local Services Ads (LSA),,,,real estate,Negative Phrase,,,,,,,,,,,,,,,,,,,,,,,,,,,,,,,,,,,,,,,,,,,,,,
Core PPC Services - UAE,,,,,,,,,Google Local Services Ads (LSA),,,,cleaning business,Negative Phrase,,,,,,,,,,,,,,,,,,,,,,,,,,,,,,,,,,,,,,,,,,,,,,
Core PPC Services - UAE,,,,,,,,,Google Local Services Ads (LSA),,,,construction,Negative Phrase,,,,,,,,,,,,,,,,,,,,,,,,,,,,,,,,,,,,,,,,,,,,,,
Core PPC Services - UAE,,,,,,,,,Google Local Services Ads (LSA),,,,moving,Negative Phrase,,,,,,,,,,,,,,,,,,,,,,,,,,,,,,,,,,,,,,,,,,,,,,
Core PPC Services - UAE,,,,,,,,,Google Local Services Ads (LSA),,,,junk removal,Negative Phrase,,,,,,,,,,,,,,,,,,,,,,,,,,,,,,,,,,,,,,,,,,,,,,
Core PPC Services - UAE,,,,,,,,,Google Local Services Ads (LSA),,,,small business management,Negative Phrase,,,,,,,,,,,,,,,,,,,,,,,,,,,,,,,,,,,,,,,,,,,,,,
Core PPC Services - UAE,,,,,,,,,Google Local Services Ads (LSA),,,,ppc campaign setup,Negative Phrase,,,,,,,,,,,,,,,,,,,,,,,,,,,,,,,,,,,,,,,,,,,,,,
Core PPC Services - UAE,,,,,,,,,Google Local Services Ads (LSA),,,,marketing firm,Negative Phrase,,,,,,,,,,,,,,,,,,,,,,,,,,,,,,,,,,,,,,,,,,,,,,
Core PPC Services - UAE,,,,,,,,,Google Local Services Ads (LSA),,,,account,Negative Phrase,,,,,,,,,,,,,,,,,,,,,,,,,,,,,,,,,,,,,,,,,,,,,,
Core PPC Services - UAE,,,,,,,,,Google Local Services Ads (LSA),,,,adwords,Negative Phrase,,,,,,,,,,,,,,,,,,,,,,,,,,,,,,,,,,,,,,,,,,,,,,
Core PPC Services - UAE,,,,,,,,,Google Local Services Ads (LSA),,,,agents,Negative Phrase,,,,,,,,,,,,,,,,,,,,,,,,,,,,,,,,,,,,,,,,,,,,,,
Core PPC Services - UAE,,,,,,,,,Google Local Services Ads (LSA),,,,application,Negative Phrase,,,,,,,,,,,,,,,,,,,,,,,,,,,,,,,,,,,,,,,,,,,,,,
Core PPC Services - UAE,,,,,,,,,Google Local Services Ads (LSA),,,,audit,Negative Phrase,,,,,,,,,,,,,,,,,,,,,,,,,,,,,,,,,,,,,,,,,,,,,,
Core PPC Services - UAE,,,,,,,,,Google Local Services Ads (LSA),,,,badge,Negative Phrase,,,,,,,,,,,,,,,,,,,,,,,,,,,,,,,,,,,,,,,,,,,,,,
Core PPC Services - UAE,,,,,,,,,Google Local Services Ads (LSA),,,,cleaning,Negative Phrase,,,,,,,,,,,,,,,,,,,,,,,,,,,,,,,,,,,,,,,,,,,,,,
Core PPC Services - UAE,,,,,,,,,Google Local Services Ads (LSA),,,,control,Negative Phrase,,,,,,,,,,,,,,,,,,,,,,,,,,,,,,,,,,,,,,,,,,,,,,
Core PPC Services - UAE,,,,,,,,,Google Local Services Ads (LSA),,,,dedicated,Negative Phrase,,,,,,,,,,,,,,,,,,,,,,,,,,,,,,,,,,,,,,,,,,,,,,
Core PPC Services - UAE,,,,,,,,,Google Local Services Ads (LSA),,,,dentists,Negative Phrase,,,,,,,,,,,,,,,,,,,,,,,,,,,,,,,,,,,,,,,,,,,,,,
Core PPC Services - UAE,,,,,,,,,Google Local Services Ads (LSA),,,,design,Negative Phrase,,,,,,,,,,,,,,,,,,,,,,,,,,,,,,,,,,,,,,,,,,,,,,
Core PPC Services - UAE,,,,,,,,,Google Local Services Ads (LSA),,,,ecommerce,Negative Phrase,,,,,,,,,,,,,,,,,,,,,,,,,,,,,,,,,,,,,,,,,,,,,,
Core PPC Services - UAE,,,,,,,,,Google Local Services Ads (LSA),,,,estate,Negative Phrase,,,,,,,,,,,,,,,,,,,,,,,,,,,,,,,,,,,,,,,,,,,,,,
Core PPC Services - UAE,,,,,,,,,Google Local Services Ads (LSA),,,,help,Negative Phrase,,,,,,,,,,,,,,,,,,,,,,,,,,,,,,,,,,,,,,,,,,,,,,
Core PPC Services - UAE,,,,,,,,,Google Local Services Ads (LSA),,,,how,Negative Phrase,,,,,,,,,,,,,,,,,,,,,,,,,,,,,,,,,,,,,,,,,,,,,,
Core PPC Services - UAE,,,,,,,,,Google Local Services Ads (LSA),,,,hvac,Negative Phrase,,,,,,,,,,,,,,,,,,,,,,,,,,,,,,,,,,,,,,,,,,,,,,
Core PPC Services - UAE,,,,,,,,,Google Local Services Ads (LSA),,,,interior,Negative Phrase,,,,,,,,,,,,,,,,,,,,,,,,,,,,,,,,,,,,,,,,,,,,,,
Core PPC Services - UAE,,,,,,,,,Google Local Services Ads (LSA),,,,junk,Negative Phrase,,,,,,,,,,,,,,,,,,,,,,,,,,,,,,,,,,,,,,,,,,,,,,
Core PPC Services - UAE,,,,,,,,,Google Local Services Ads (LSA),,,,landscaping,Negative Phrase,,,,,,,,,,,,,,,,,,,,,,,,,,,,,,,,,,,,,,,,,,,,,,
Core PPC Services - UAE,,,,,,,,,Google Local Services Ads (LSA),,,,law,Negative Phrase,,,,,,,,,,,,,,,,,,,,,,,,,,,,,,,,,,,,,,,,,,,,,,
Core PPC Services - UAE,,,,,,,,,Google Local Services Ads (LSA),,,,logistics,Negative Phrase,,,,,,,,,,,,,,,,,,,,,,,,,,,,,,,,,,,,,,,,,,,,,,
Core PPC Services - UAE,,,,,,,,,Google Local Services Ads (LSA),,,,marketing,Negative Phrase,,,,,,,,,,,,,,,,,,,,,,,,,,,,,,,,,,,,,,,,,,,,,,
Core PPC Services - UAE,,,,,,,,,Google Local Services Ads (LSA),,,,monthly,Negative Phrase,,,,,,,,,,,,,,,,,,,,,,,,,,,,,,,,,,,,,,,,,,,,,,
Core PPC Services - UAE,,,,,,,,,Google Local Services Ads (LSA),,,,network,Negative Phrase,,,,,,,,,,,,,,,,,,,,,,,,,,,,,,,,,,,,,,,,,,,,,,
Core PPC Services - UAE,,,,,,,,,Google Local Services Ads (LSA),,,,package,Negative Phrase,,,,,,,,,,,,,,,,,,,,,,,,,,,,,,,,,,,,,,,,,,,,,,
Core PPC Services - UAE,,,,,,,,,Google Local Services Ads (LSA),,,,pest,Negative Phrase,,,,,,,,,,,,,,,,,,,,,,,,,,,,,,,,,,,,,,,,,,,,,,
Core PPC Services - UAE,,,,,,,,,Google Local Services Ads (LSA),,,,real,Negative Phrase,,,,,,,,,,,,,,,,,,,,,,,,,,,,,,,,,,,,,,,,,,,,,,
Core PPC Services - UAE,,,,,,,,,Google Local Services Ads (LSA),,,,recommended,Negative Phrase,,,,,,,,,,,,,,,,,,,,,,,,,,,,,,,,,,,,,,,,,,,,,,
Core PPC Services - UAE,,,,,,,,,Google Local Services Ads (LSA),,,,removal,Negative Phrase,,,,,,,,,,,,,,,,,,,,,,,,,,,,,,,,,,,,,,,,,,,,,,
Core PPC Services - UAE,,,,,,,,,Google Local Services Ads (LSA),,,,restaurants,Negative Phrase,,,,,,,,,,,,,,,,,,,,,,,,,,,,,,,,,,,,,,,,,,,,,,
Core PPC Services - UAE,,,,,,,,,Google Local Services Ads (LSA),,,,retail,Negative Phrase,,,,,,,,,,,,,,,,,,,,,,,,,,,,,,,,,,,,,,,,,,,,,,
Core PPC Services - UAE,,,,,,,,,Google Local Services Ads (LSA),,,,salons,Negative Phrase,,,,,,,,,,,,,,,,,,,,,,,,,,,,,,,,,,,,,,,,,,,,,,
Core PPC Services - UAE,,,,,,,,,Google Local Services Ads (LSA),,,,screened,Negative Phrase,,,,,,,,,,,,,,,,,,,,,,,,,,,,,,,,,,,,,,,,,,,,,,
Core PPC Services - UAE,,,,,,,,,Google Local Services Ads (LSA),,,,small,Negative Phrase,,,,,,,,,,,,,,,,,,,,,,,,,,,,,,,,,,,,,,,,,,,,,,
Core PPC Services - UAE,,,,,,,,,Google Local Services Ads (LSA),,,,specialist,Negative Phrase,,,,,,,,,,,,,,,,,,,,,,,,,,,,,,,,,,,,,,,,,,,,,,
Core PPC Services - UAE,,,,,,,,,Google Local Services Ads (LSA),,,,stores,Negative Phrase,,,,,,,,,,,,,,,,,,,,,,,,,,,,,,,,,,,,,,,,,,,,,,
Core PPC Services - UAE,,,,,,,,,Hire a Google Ads / PPC Agency,Standard,Enabled,5735,,,,,,,,,,,,,,,,,,,,,,,,,,,,,,,,,,,,,,,,,,,,,,,,
Core PPC Services - UAE,,,,,,,,,Hire a Google Ads / PPC Agency,,,4283,agency google adwords,Phrase,,,,,,,,,,,,,,,,,,,,,,,,,,,,,,,,,,,,,,,,,,,,,,
Core PPC Services - UAE,,,,,,,,,Hire a Google Ads / PPC Agency,,,4698,google ads companies,Phrase,,,,,,,,,,,,,,,,,,,,,,,,,,,,,,,,,,,,,,,,,,,,,,
Core PPC Services - UAE,,,,,,,,,Hire a Google Ads / PPC Agency,,,6159,google ad agency,Phrase,,,,,,,,,,,,,,,,,,,,,,,,,,,,,,,,,,,,,,,,,,,,,,
Core PPC Services - UAE,,,,,,,,,Hire a Google Ads / PPC Agency,,,5735,google ads management company,Phrase,,,,,,,,,,,,,,,,,,,,,,,,,,,,,,,,,,,,,,,,,,,,,,
Core PPC Services - UAE,,,,,,,,,Hire a Google Ads / PPC Agency,,,5735,google ads services agency,Phrase,,,,,,,,,,,,,,,,,,,,,,,,,,,,,,,,,,,,,,,,,,,,,,
Core PPC Services - UAE,,,,,,,,,Hire a Google Ads / PPC Agency,,,5735,google adwords management company,Phrase,,,,,,,,,,,,,,,,,,,,,,,,,,,,,,,,,,,,,,,,,,,,,,
Core PPC Services - UAE,,,,,,,,,Hire a Google Ads / PPC Agency,,,5735,hire adwords expert,Phrase,,,,,,,,,,,,,,,,,,,,,,,,,,,,,,,,,,,,,,,,,,,,,,
Core PPC Services - UAE,,,,,,,,,Hire a Google Ads / PPC Agency,,,5735,hire adwords professional,Phrase,,,,,,,,,,,,,,,,,,,,,,,,,,,,,,,,,,,,,,,,,,,,,,
Core PPC Services - UAE,,,,,,,,,Hire a Google Ads / PPC Agency,,,5735,hire dedicated adwords expert,Phrase,,,,,,,,,,,,,,,,,,,,,,,,,,,,,,,,,,,,,,,,,,,,,,
Core PPC Services - UAE,,,,,,,,,Hire a Google Ads / PPC Agency,,,5735,hire google adwords expert,Phrase,,,,,,,,,,,,,,,,,,,,,,,,,,,,,,,,,,,,,,,,,,,,,,
Core PPC Services - UAE,,,,,,,,,Hire a Google Ads / PPC Agency,,,5735,hire a google ads specialist,Phrase,,,,,,,,,,,,,,,,,,,,,,,,,,,,,,,,,,,,,,,,,,,,,,
Core PPC Services - UAE,,,,,,,,,Hire a Google Ads / PPC Agency,,,5735,hire a google adwords consultant,Phrase,,,,,,,,,,,,,,,,,,,,,,,,,,,,,,,,,,,,,,,,,,,,,,
Core PPC Services - UAE,,,,,,,,,Hire a Google Ads / PPC Agency,,,5735,hire adwords specialist,Phrase,,,,,,,,,,,,,,,,,,,,,,,,,,,,,,,,,,,,,,,,,,,,,,
Core PPC Services - UAE,,,,,,,,,Hire a Google Ads / PPC Agency,,,5735,adwords agency near me,Phrase,,,,,,,,,,,,,,,,,,,,,,,,,,,,,,,,,,,,,,,,,,,,,,
Core PPC Services - UAE,,,,,,,,,Hire a Google Ads / PPC Agency,,,5735,google ads marketing agency near me,Phrase,,,,,,,,,,,,,,,,,,,,,,,,,,,,,,,,,,,,,,,,,,,,,,
Core PPC Services - UAE,,,,,,,,,Hire a Google Ads / PPC Agency,,,5735,google marketing firm,Phrase,,,,,,,,,,,,,,,,,,,,,,,,,,,,,,,,,,,,,,,,,,,,,,
Core PPC Services - UAE,,,,,,,,,Hire a Google Ads / PPC Agency,,,5735,adwords management companies,Phrase,,,,,,,,,,,,,,,,,,,,,,,,,,,,,,,,,,,,,,,,,,,,,,
Core PPC Services - UAE,,,,,,,,,Hire a Google Ads / PPC Agency,,,5735,google adwords advertising agency,Phrase,,,,,,,,,,,,,,,,,,,,,,,,,,,,,,,,,,,,,,,,,,,,,,
Core PPC Services - UAE,,,,,,,,,Hire a Google Ads / PPC Agency,,,5735,google ppc advertising agency,Phrase,,,,,,,,,,,,,,,,,,,,,,,,,,,,,,,,,,,,,,,,,,,,,,
Core PPC Services - UAE,,,,,,,,,Hire a Google Ads / PPC Agency,,,5735,ppc campaign setup,Phrase,,,,,,,,,,,,,,,,,,,,,,,,,,,,,,,,,,,,,,,,,,,,,,
Core PPC Services - UAE,,,,,,,,,Hire a Google Ads / PPC Agency,,,5735,google ad company,Phrase,,,,,,,,,,,,,,,,,,,,,,,,,,,,,,,,,,,,,,,,,,,,,,
Core PPC Services - UAE,,,,,,,,,Hire a Google Ads / PPC Agency,,,5735,google adwords company,Phrase,,,,,,,,,,,,,,,,,,,,,,,,,,,,,,,,,,,,,,,,,,,,,,
Core PPC Services - UAE,,,,,,,,,Hire a Google Ads / PPC Agency,,,5735,adwords companies,Phrase,,,,,,,,,,,,,,,,,,,,,,,,,,,,,,,,,,,,,,,,,,,,,,
Core PPC Services - UAE,,,,,,,,,Hire a Google Ads / PPC Agency,,,5735,recommended google marketing companies,Phrase,,,,,,,,,,,,,,,,,,,,,,,,,,,,,,,,,,,,,,,,,,,,,,
Core PPC Services - UAE,,,,,,,,,Hire a Google Ads / PPC Agency,,,5735,adwords marketing agency,Phrase,,,,,,,,,,,,,,,,,,,,,,,,,,,,,,,,,,,,,,,,,,,,,,
Core PPC Services - UAE,,,,,,,,,Hire a Google Ads / PPC Agency,,,5735,ppc online advertising,Phrase,,,,,,,,,,,,,,,,,,,,,,,,,,,,,,,,,,,,,,,,,,,,,,
Core PPC Services - UAE,,,,,,,,,Hire a Google Ads / PPC Agency,,,5735,google ads management dubai cost,Phrase,,,,,,,,,,,,,,,,,,,,,,,,,,,,,,,,,,,,,,,,,,,,,,
Core PPC Services - UAE,,,,,,,,,Hire a Google Ads / PPC Agency,,,5735,best ppc agency in dubai,Phrase,,,,,,,,,,,,,,,,,,,,,,,,,,,,,,,,,,,,,,,,,,,,,,
Core PPC Services - UAE,,,,,,,,,Hire a Google Ads / PPC Agency,,,5735,google ads campaign setup uae,Phrase,,,,,,,,,,,,,,,,,,,,,,,,,,,,,,,,,,,,,,,,,,,,,,
Core PPC Services - UAE,,,,,,,,,Hire a Google Ads / PPC Agency,,,5735,hire ppc expert dubai,Phrase,,,,,,,,,,,,,,,,,,,,,,,,,,,,,,,,,,,,,,,,,,,,,,
Core PPC Services - UAE,,,,,,,,,Hire a Google Ads / PPC Agency,,,5735,google ads management pricing uae,Phrase,,,,,,,,,,,,,,,,,,,,,,,,,,,,,,,,,,,,,,,,,,,,,,
Core PPC Services - UAE,,,,,,,,,Hire a Google Ads / PPC Agency,,,5735,ppc agency for service businesses dubai,Phrase,,,,,,,,,,,,,,,,,,,,,,,,,,,,,,,,,,,,,,,,,,,,,,
Core PPC Services - UAE,,,,,,,,,Hire a Google Ads / PPC Agency,,,5735,google ads account audit dubai,Phrase,,,,,,,,,,,,,,,,,,,,,,,,,,,,,,,,,,,,,,,,,,,,,,
Core PPC Services - UAE,,,,,,,,,Hire a Google Ads / PPC Agency,,,5735,affordable google ads management uae,Phrase,,,,,,,,,,,,,,,,,,,,,,,,,,,,,,,,,,,,,,,,,,,,,,
Core PPC Services - UAE,,,,,,,,,Hire a Google Ads / PPC Agency,,,5735,google ads agency abu dhabi,Phrase,,,,,,,,,,,,,,,,,,,,,,,,,,,,,,,,,,,,,,,,,,,,,,
Core PPC Services - UAE,,,,,,,,,Hire a Google Ads / PPC Agency,,,5735,monthly google ads management package uae,Phrase,,,,,,,,,,,,,,,,,,,,,,,,,,,,,,,,,,,,,,,,,,,,,,
Core PPC Services - UAE,,,,,,,,,Hire a Google Ads / PPC Agency,,,,local services ads,Negative Phrase,,,,,,,,,,,,,,,,,,,,,,,,,,,,,,,,,,,,,,,,,,,,,,
Core PPC Services - UAE,,,,,,,,,Hire a Google Ads / PPC Agency,,,,google guaranteed,Negative Phrase,,,,,,,,,,,,,,,,,,,,,,,,,,,,,,,,,,,,,,,,,,,,,,
Core PPC Services - UAE,,,,,,,,,Hire a Google Ads / PPC Agency,,,,google screened,Negative Phrase,,,,,,,,,,,,,,,,,,,,,,,,,,,,,,,,,,,,,,,,,,,,,,
Core PPC Services - UAE,,,,,,,,,Hire a Google Ads / PPC Agency,,,,shopping,Negative Phrase,,,,,,,,,,,,,,,,,,,,,,,,,,,,,,,,,,,,,,,,,,,,,,
Core PPC Services - UAE,,,,,,,,,Hire a Google Ads / PPC Agency,,,,display,Negative Phrase,,,,,,,,,,,,,,,,,,,,,,,,,,,,,,,,,,,,,,,,,,,,,,
Core PPC Services - UAE,,,,,,,,,Hire a Google Ads / PPC Agency,,,,real estate,Negative Phrase,,,,,,,,,,,,,,,,,,,,,,,,,,,,,,,,,,,,,,,,,,,,,,
Core PPC Services - UAE,,,,,,,,,Hire a Google Ads / PPC Agency,,,,cleaning business,Negative Phrase,,,,,,,,,,,,,,,,,,,,,,,,,,,,,,,,,,,,,,,,,,,,,,
Core PPC Services - UAE,,,,,,,,,Hire a Google Ads / PPC Agency,,,,construction,Negative Phrase,,,,,,,,,,,,,,,,,,,,,,,,,,,,,,,,,,,,,,,,,,,,,,
Core PPC Services - UAE,,,,,,,,,Hire a Google Ads / PPC Agency,,,,moving,Negative Phrase,,,,,,,,,,,,,,,,,,,,,,,,,,,,,,,,,,,,,,,,,,,,,,
Core PPC Services - UAE,,,,,,,,,Hire a Google Ads / PPC Agency,,,,junk removal,Negative Phrase,,,,,,,,,,,,,,,,,,,,,,,,,,,,,,,,,,,,,,,,,,,,,,
Core PPC Services - UAE,,,,,,,,,Hire a Google Ads / PPC Agency,,,,law firm,Negative Phrase,,,,,,,,,,,,,,,,,,,,,,,,,,,,,,,,,,,,,,,,,,,,,,
Core PPC Services - UAE,,,,,,,,,Hire a Google Ads / PPC Agency,,,,agents,Negative Phrase,,,,,,,,,,,,,,,,,,,,,,,,,,,,,,,,,,,,,,,,,,,,,,
Core PPC Services - UAE,,,,,,,,,Hire a Google Ads / PPC Agency,,,,application,Negative Phrase,,,,,,,,,,,,,,,,,,,,,,,,,,,,,,,,,,,,,,,,,,,,,,
Core PPC Services - UAE,,,,,,,,,Hire a Google Ads / PPC Agency,,,,badge,Negative Phrase,,,,,,,,,,,,,,,,,,,,,,,,,,,,,,,,,,,,,,,,,,,,,,
Core PPC Services - UAE,,,,,,,,,Hire a Google Ads / PPC Agency,,,,cleaning,Negative Phrase,,,,,,,,,,,,,,,,,,,,,,,,,,,,,,,,,,,,,,,,,,,,,,
Core PPC Services - UAE,,,,,,,,,Hire a Google Ads / PPC Agency,,,,com,Negative Phrase,,,,,,,,,,,,,,,,,,,,,,,,,,,,,,,,,,,,,,,,,,,,,,
Core PPC Services - UAE,,,,,,,,,Hire a Google Ads / PPC Agency,,,,contractors,Negative Phrase,,,,,,,,,,,,,,,,,,,,,,,,,,,,,,,,,,,,,,,,,,,,,,
Core PPC Services - UAE,,,,,,,,,Hire a Google Ads / PPC Agency,,,,control,Negative Phrase,,,,,,,,,,,,,,,,,,,,,,,,,,,,,,,,,,,,,,,,,,,,,,
Core PPC Services - UAE,,,,,,,,,Hire a Google Ads / PPC Agency,,,,dentists,Negative Phrase,,,,,,,,,,,,,,,,,,,,,,,,,,,,,,,,,,,,,,,,,,,,,,
Core PPC Services - UAE,,,,,,,,,Hire a Google Ads / PPC Agency,,,,design,Negative Phrase,,,,,,,,,,,,,,,,,,,,,,,,,,,,,,,,,,,,,,,,,,,,,,
Core PPC Services - UAE,,,,,,,,,Hire a Google Ads / PPC Agency,,,,ecommerce,Negative Phrase,,,,,,,,,,,,,,,,,,,,,,,,,,,,,,,,,,,,,,,,,,,,,,
Core PPC Services - UAE,,,,,,,,,Hire a Google Ads / PPC Agency,,,,estate,Negative Phrase,,,,,,,,,,,,,,,,,,,,,,,,,,,,,,,,,,,,,,,,,,,,,,
Core PPC Services - UAE,,,,,,,,,Hire a Google Ads / PPC Agency,,,,guaranteed,Negative Phrase,,,,,,,,,,,,,,,,,,,,,,,,,,,,,,,,,,,,,,,,,,,,,,
Core PPC Services - UAE,,,,,,,,,Hire a Google Ads / PPC Agency,,,,help,Negative Phrase,,,,,,,,,,,,,,,,,,,,,,,,,,,,,,,,,,,,,,,,,,,,,,
Core PPC Services - UAE,,,,,,,,,Hire a Google Ads / PPC Agency,,,,how,Negative Phrase,,,,,,,,,,,,,,,,,,,,,,,,,,,,,,,,,,,,,,,,,,,,,,
Core PPC Services - UAE,,,,,,,,,Hire a Google Ads / PPC Agency,,,,hvac,Negative Phrase,,,,,,,,,,,,,,,,,,,,,,,,,,,,,,,,,,,,,,,,,,,,,,
Core PPC Services - UAE,,,,,,,,,Hire a Google Ads / PPC Agency,,,,interior,Negative Phrase,,,,,,,,,,,,,,,,,,,,,,,,,,,,,,,,,,,,,,,,,,,,,,
Core PPC Services - UAE,,,,,,,,,Hire a Google Ads / PPC Agency,,,,junk,Negative Phrase,,,,,,,,,,,,,,,,,,,,,,,,,,,,,,,,,,,,,,,,,,,,,,
Core PPC Services - UAE,,,,,,,,,Hire a Google Ads / PPC Agency,,,,landscaping,Negative Phrase,,,,,,,,,,,,,,,,,,,,,,,,,,,,,,,,,,,,,,,,,,,,,,
Core PPC Services - UAE,,,,,,,,,Hire a Google Ads / PPC Agency,,,,law,Negative Phrase,,,,,,,,,,,,,,,,,,,,,,,,,,,,,,,,,,,,,,,,,,,,,,
Core PPC Services - UAE,,,,,,,,,Hire a Google Ads / PPC Agency,,,,leads,Negative Phrase,,,,,,,,,,,,,,,,,,,,,,,,,,,,,,,,,,,,,,,,,,,,,,
Core PPC Services - UAE,,,,,,,,,Hire a Google Ads / PPC Agency,,,,listed,Negative Phrase,,,,,,,,,,,,,,,,,,,,,,,,,,,,,,,,,,,,,,,,,,,,,,
Core PPC Services - UAE,,,,,,,,,Hire a Google Ads / PPC Agency,,,,local,Negative Phrase,,,,,,,,,,,,,,,,,,,,,,,,,,,,,,,,,,,,,,,,,,,,,,
Core PPC Services - UAE,,,,,,,,,Hire a Google Ads / PPC Agency,,,,logistics,Negative Phrase,,,,,,,,,,,,,,,,,,,,,,,,,,,,,,,,,,,,,,,,,,,,,,
Core PPC Services - UAE,,,,,,,,,Hire a Google Ads / PPC Agency,,,,map,Negative Phrase,,,,,,,,,,,,,,,,,,,,,,,,,,,,,,,,,,,,,,,,,,,,,,
Core PPC Services - UAE,,,,,,,,,Hire a Google Ads / PPC Agency,,,,maps,Negative Phrase,,,,,,,,,,,,,,,,,,,,,,,,,,,,,,,,,,,,,,,,,,,,,,
Core PPC Services - UAE,,,,,,,,,Hire a Google Ads / PPC Agency,,,,network,Negative Phrase,,,,,,,,,,,,,,,,,,,,,,,,,,,,,,,,,,,,,,,,,,,,,,
Core PPC Services - UAE,,,,,,,,,Hire a Google Ads / PPC Agency,,,,pest,Negative Phrase,,,,,,,,,,,,,,,,,,,,,,,,,,,,,,,,,,,,,,,,,,,,,,
Core PPC Services - UAE,,,,,,,,,Hire a Google Ads / PPC Agency,,,,real,Negative Phrase,,,,,,,,,,,,,,,,,,,,,,,,,,,,,,,,,,,,,,,,,,,,,,
Core PPC Services - UAE,,,,,,,,,Hire a Google Ads / PPC Agency,,,,removal,Negative Phrase,,,,,,,,,,,,,,,,,,,,,,,,,,,,,,,,,,,,,,,,,,,,,,
Core PPC Services - UAE,,,,,,,,,Hire a Google Ads / PPC Agency,,,,restaurants,Negative Phrase,,,,,,,,,,,,,,,,,,,,,,,,,,,,,,,,,,,,,,,,,,,,,,
Core PPC Services - UAE,,,,,,,,,Hire a Google Ads / PPC Agency,,,,retail,Negative Phrase,,,,,,,,,,,,,,,,,,,,,,,,,,,,,,,,,,,,,,,,,,,,,,
Core PPC Services - UAE,,,,,,,,,Hire a Google Ads / PPC Agency,,,,salons,Negative Phrase,,,,,,,,,,,,,,,,,,,,,,,,,,,,,,,,,,,,,,,,,,,,,,
Core PPC Services - UAE,,,,,,,,,Hire a Google Ads / PPC Agency,,,,screened,Negative Phrase,,,,,,,,,,,,,,,,,,,,,,,,,,,,,,,,,,,,,,,,,,,,,,
Core PPC Services - UAE,,,,,,,,,Hire a Google Ads / PPC Agency,,,,search,Negative Phrase,,,,,,,,,,,,,,,,,,,,,,,,,,,,,,,,,,,,,,,,,,,,,,
Core PPC Services - UAE,,,,,,,,,Hire a Google Ads / PPC Agency,,,,small,Negative Phrase,,,,,,,,,,,,,,,,,,,,,,,,,,,,,,,,,,,,,,,,,,,,,,
Core PPC Services - UAE,,,,,,,,,Hire a Google Ads / PPC Agency,,,,stores,Negative Phrase,,,,,,,,,,,,,,,,,,,,,,,,,,,,,,,,,,,,,,,,,,,,,,
Core PPC Services - UAE,,,,,,,,,Hire a Google Ads / PPC Agency,,,,verification,Negative Phrase,,,,,,,,,,,,,,,,,,,,,,,,,,,,,,,,,,,,,,,,,,,,,,
Core PPC Services - UAE,,,,,,,,,Industry-Specific Google Ads,Standard,Enabled,,,,,,,,,,,,,,,,,,,,,,,,,,,,,,,,,,,,,,,,,,,,,,,,,
Core PPC Services - UAE,,,,,,,,,Industry-Specific Google Ads,,,,google ads for law firms,Phrase,,,,,,,,,,,,,,,,,,,,,,,,,,,,,,,,,,,,,,,,,,,,,,
Core PPC Services - UAE,,,,,,,,,Industry-Specific Google Ads,,,,google ads for service business,Phrase,,,,,,,,,,,,,,,,,,,,,,,,,,,,,,,,,,,,,,,,,,,,,,
Core PPC Services - UAE,,,,,,,,,Industry-Specific Google Ads,,,,google ads for cleaning business,Phrase,,,,,,,,,,,,,,,,,,,,,,,,,,,,,,,,,,,,,,,,,,,,,,
Core PPC Services - UAE,,,,,,,,,Industry-Specific Google Ads,,,,google ads for real estate agents,Phrase,,,,,,,,,,,,,,,,,,,,,,,,,,,,,,,,,,,,,,,,,,,,,,
Core PPC Services - UAE,,,,,,,,,Industry-Specific Google Ads,,,,google ads for construction companies,Phrase,,,,,,,,,,,,,,,,,,,,,,,,,,,,,,,,,,,,,,,,,,,,,,
Core PPC Services - UAE,,,,,,,,,Industry-Specific Google Ads,,,,google ads for moving companies,Phrase,,,,,,,,,,,,,,,,,,,,,,,,,,,,,,,,,,,,,,,,,,,,,,
Core PPC Services - UAE,,,,,,,,,Industry-Specific Google Ads,,,,google ads management for small business,Phrase,,,,,,,,,,,,,,,,,,,,,,,,,,,,,,,,,,,,,,,,,,,,,,
Core PPC Services - UAE,,,,,,,,,Industry-Specific Google Ads,,,,google ads for junk removal,Phrase,,,,,,,,,,,,,,,,,,,,,,,,,,,,,,,,,,,,,,,,,,,,,,
Core PPC Services - UAE,,,,,,,,,Industry-Specific Google Ads,,,,google ads for estate agents,Phrase,,,,,,,,,,,,,,,,,,,,,,,,,,,,,,,,,,,,,,,,,,,,,,
Core PPC Services - UAE,,,,,,,,,Industry-Specific Google Ads,,,,google ads for restaurants dubai,Phrase,,,,,,,,,,,,,,,,,,,,,,,,,,,,,,,,,,,,,,,,,,,,,,
Core PPC Services - UAE,,,,,,,,,Industry-Specific Google Ads,,,,google ads for hvac companies uae,Phrase,,,,,,,,,,,,,,,,,,,,,,,,,,,,,,,,,,,,,,,,,,,,,,
Core PPC Services - UAE,,,,,,,,,Industry-Specific Google Ads,,,,google ads for dentists dubai,Phrase,,,,,,,,,,,,,,,,,,,,,,,,,,,,,,,,,,,,,,,,,,,,,,
Core PPC Services - UAE,,,,,,,,,Industry-Specific Google Ads,,,,ppc for interior design companies uae,Phrase,,,,,,,,,,,,,,,,,,,,,,,,,,,,,,,,,,,,,,,,,,,,,,
Core PPC Services - UAE,,,,,,,,,Industry-Specific Google Ads,,,,google ads for logistics companies dubai,Phrase,,,,,,,,,,,,,,,,,,,,,,,,,,,,,,,,,,,,,,,,,,,,,,
Core PPC Services - UAE,,,,,,,,,Industry-Specific Google Ads,,,,google ads for salons uae,Phrase,,,,,,,,,,,,,,,,,,,,,,,,,,,,,,,,,,,,,,,,,,,,,,
Core PPC Services - UAE,,,,,,,,,Industry-Specific Google Ads,,,,google ads for pest control dubai,Phrase,,,,,,,,,,,,,,,,,,,,,,,,,,,,,,,,,,,,,,,,,,,,,,
Core PPC Services - UAE,,,,,,,,,Industry-Specific Google Ads,,,,google ads for landscaping companies uae,Phrase,,,,,,,,,,,,,,,,,,,,,,,,,,,,,,,,,,,,,,,,,,,,,,
Core PPC Services - UAE,,,,,,,,,Industry-Specific Google Ads,,,,local services ads,Negative Phrase,,,,,,,,,,,,,,,,,,,,,,,,,,,,,,,,,,,,,,,,,,,,,,
Core PPC Services - UAE,,,,,,,,,Industry-Specific Google Ads,,,,agency,Negative Phrase,,,,,,,,,,,,,,,,,,,,,,,,,,,,,,,,,,,,,,,,,,,,,,
Core PPC Services - UAE,,,,,,,,,Industry-Specific Google Ads,,,,hire,Negative Phrase,,,,,,,,,,,,,,,,,,,,,,,,,,,,,,,,,,,,,,,,,,,,,,
Core PPC Services - UAE,,,,,,,,,Industry-Specific Google Ads,,,,guaranteed,Negative Phrase,,,,,,,,,,,,,,,,,,,,,,,,,,,,,,,,,,,,,,,,,,,,,,
Core PPC Services - UAE,,,,,,,,,Industry-Specific Google Ads,,,,shopping,Negative Phrase,,,,,,,,,,,,,,,,,,,,,,,,,,,,,,,,,,,,,,,,,,,,,,
Core PPC Services - UAE,,,,,,,,,Industry-Specific Google Ads,,,,display,Negative Phrase,,,,,,,,,,,,,,,,,,,,,,,,,,,,,,,,,,,,,,,,,,,,,,
Core PPC Services - UAE,,,,,,,,,Industry-Specific Google Ads,,,,near me,Negative Phrase,,,,,,,,,,,,,,,,,,,,,,,,,,,,,,,,,,,,,,,,,,,,,,
Core PPC Services - UAE,,,,,,,,,Industry-Specific Google Ads,,,,account,Negative Phrase,,,,,,,,,,,,,,,,,,,,,,,,,,,,,,,,,,,,,,,,,,,,,,
Core PPC Services - UAE,,,,,,,,,Industry-Specific Google Ads,,,,adwords,Negative Phrase,,,,,,,,,,,,,,,,,,,,,,,,,,,,,,,,,,,,,,,,,,,,,,
Core PPC Services - UAE,,,,,,,,,Industry-Specific Google Ads,,,,application,Negative Phrase,,,,,,,,,,,,,,,,,,,,,,,,,,,,,,,,,,,,,,,,,,,,,,
Core PPC Services - UAE,,,,,,,,,Industry-Specific Google Ads,,,,audit,Negative Phrase,,,,,,,,,,,,,,,,,,,,,,,,,,,,,,,,,,,,,,,,,,,,,,
Core PPC Services - UAE,,,,,,,,,Industry-Specific Google Ads,,,,badge,Negative Phrase,,,,,,,,,,,,,,,,,,,,,,,,,,,,,,,,,,,,,,,,,,,,,,
Core PPC Services - UAE,,,,,,,,,Industry-Specific Google Ads,,,,com,Negative Phrase,,,,,,,,,,,,,,,,,,,,,,,,,,,,,,,,,,,,,,,,,,,,,,
Core PPC Services - UAE,,,,,,,,,Industry-Specific Google Ads,,,,consultant,Negative Phrase,,,,,,,,,,,,,,,,,,,,,,,,,,,,,,,,,,,,,,,,,,,,,,
Core PPC Services - UAE,,,,,,,,,Industry-Specific Google Ads,,,,contractors,Negative Phrase,,,,,,,,,,,,,,,,,,,,,,,,,,,,,,,,,,,,,,,,,,,,,,
Core PPC Services - UAE,,,,,,,,,Industry-Specific Google Ads,,,,dedicated,Negative Phrase,,,,,,,,,,,,,,,,,,,,,,,,,,,,,,,,,,,,,,,,,,,,,,
Core PPC Services - UAE,,,,,,,,,Industry-Specific Google Ads,,,,ecommerce,Negative Phrase,,,,,,,,,,,,,,,,,,,,,,,,,,,,,,,,,,,,,,,,,,,,,,
Core PPC Services - UAE,,,,,,,,,Industry-Specific Google Ads,,,,help,Negative Phrase,,,,,,,,,,,,,,,,,,,,,,,,,,,,,,,,,,,,,,,,,,,,,,
Core PPC Services - UAE,,,,,,,,,Industry-Specific Google Ads,,,,how,Negative Phrase,,,,,,,,,,,,,,,,,,,,,,,,,,,,,,,,,,,,,,,,,,,,,,
Core PPC Services - UAE,,,,,,,,,Industry-Specific Google Ads,,,,leads,Negative Phrase,,,,,,,,,,,,,,,,,,,,,,,,,,,,,,,,,,,,,,,,,,,,,,
Core PPC Services - UAE,,,,,,,,,Industry-Specific Google Ads,,,,listed,Negative Phrase,,,,,,,,,,,,,,,,,,,,,,,,,,,,,,,,,,,,,,,,,,,,,,
Core PPC Services - UAE,,,,,,,,,Industry-Specific Google Ads,,,,local,Negative Phrase,,,,,,,,,,,,,,,,,,,,,,,,,,,,,,,,,,,,,,,,,,,,,,
Core PPC Services - UAE,,,,,,,,,Industry-Specific Google Ads,,,,map,Negative Phrase,,,,,,,,,,,,,,,,,,,,,,,,,,,,,,,,,,,,,,,,,,,,,,
Core PPC Services - UAE,,,,,,,,,Industry-Specific Google Ads,,,,maps,Negative Phrase,,,,,,,,,,,,,,,,,,,,,,,,,,,,,,,,,,,,,,,,,,,,,,
Core PPC Services - UAE,,,,,,,,,Industry-Specific Google Ads,,,,marketing,Negative Phrase,,,,,,,,,,,,,,,,,,,,,,,,,,,,,,,,,,,,,,,,,,,,,,
Core PPC Services - UAE,,,,,,,,,Industry-Specific Google Ads,,,,monthly,Negative Phrase,,,,,,,,,,,,,,,,,,,,,,,,,,,,,,,,,,,,,,,,,,,,,,
Core PPC Services - UAE,,,,,,,,,Industry-Specific Google Ads,,,,network,Negative Phrase,,,,,,,,,,,,,,,,,,,,,,,,,,,,,,,,,,,,,,,,,,,,,,
Core PPC Services - UAE,,,,,,,,,Industry-Specific Google Ads,,,,package,Negative Phrase,,,,,,,,,,,,,,,,,,,,,,,,,,,,,,,,,,,,,,,,,,,,,,
Core PPC Services - UAE,,,,,,,,,Industry-Specific Google Ads,,,,recommended,Negative Phrase,,,,,,,,,,,,,,,,,,,,,,,,,,,,,,,,,,,,,,,,,,,,,,
Core PPC Services - UAE,,,,,,,,,Industry-Specific Google Ads,,,,retail,Negative Phrase,,,,,,,,,,,,,,,,,,,,,,,,,,,,,,,,,,,,,,,,,,,,,,
Core PPC Services - UAE,,,,,,,,,Industry-Specific Google Ads,,,,screened,Negative Phrase,,,,,,,,,,,,,,,,,,,,,,,,,,,,,,,,,,,,,,,,,,,,,,
Core PPC Services - UAE,,,,,,,,,Industry-Specific Google Ads,,,,search,Negative Phrase,,,,,,,,,,,,,,,,,,,,,,,,,,,,,,,,,,,,,,,,,,,,,,
Core PPC Services - UAE,,,,,,,,,Industry-Specific Google Ads,,,,specialist,Negative Phrase,,,,,,,,,,,,,,,,,,,,,,,,,,,,,,,,,,,,,,,,,,,,,,
Core PPC Services - UAE,,,,,,,,,Industry-Specific Google Ads,,,,stores,Negative Phrase,,,,,,,,,,,,,,,,,,,,,,,,,,,,,,,,,,,,,,,,,,,,,,
Core PPC Services - UAE,,,,,,,,,Industry-Specific Google Ads,,,,verification,Negative Phrase,,,,,,,,,,,,,,,,,,,,,,,,,,,,,,,,,,,,,,,,,,,,,,
Core PPC Services - UAE,,,,,,,,,Google Guaranteed Program Setup,Standard,Enabled,,,,,,,,,,,,,,,,,,,,,,,,,,,,,,,,,,,,,,,,,,,,,,,,,
Core PPC Services - UAE,,,,,,,,,Google Guaranteed Program Setup,,,,google guaranteed,Phrase,,,,,,,,,,,,,,,,,,,,,,,,,,,,,,,,,,,,,,,,,,,,,,
Core PPC Services - UAE,,,,,,,,,Google Guaranteed Program Setup,,,,google guaranteed ads,Phrase,,,,,,,,,,,,,,,,,,,,,,,,,,,,,,,,,,,,,,,,,,,,,,
Core PPC Services - UAE,,,,,,,,,Google Guaranteed Program Setup,,,,google guaranteed business,Phrase,,,,,,,,,,,,,,,,,,,,,,,,,,,,,,,,,,,,,,,,,,,,,,
Core PPC Services - UAE,,,,,,,,,Google Guaranteed Program Setup,,,,google guaranteed badge dubai,Phrase,,,,,,,,,,,,,,,,,,,,,,,,,,,,,,,,,,,,,,,,,,,,,,
Core PPC Services - UAE,,,,,,,,,Google Guaranteed Program Setup,,,,google screened businesses uae,Phrase,,,,,,,,,,,,,,,,,,,,,,,,,,,,,,,,,,,,,,,,,,,,,,
Core PPC Services - UAE,,,,,,,,,Google Guaranteed Program Setup,,,,how to get google guaranteed in uae,Phrase,,,,,,,,,,,,,,,,,,,,,,,,,,,,,,,,,,,,,,,,,,,,,,
Core PPC Services - UAE,,,,,,,,,Google Guaranteed Program Setup,,,,google guaranteed cost dubai,Phrase,,,,,,,,,,,,,,,,,,,,,,,,,,,,,,,,,,,,,,,,,,,,,,
Core PPC Services - UAE,,,,,,,,,Google Guaranteed Program Setup,,,,google guaranteed application help uae,Phrase,,,,,,,,,,,,,,,,,,,,,,,,,,,,,,,,,,,,,,,,,,,,,,
Core PPC Services - UAE,,,,,,,,,Google Guaranteed Program Setup,,,,google guaranteed setup service dubai,Phrase,,,,,,,,,,,,,,,,,,,,,,,,,,,,,,,,,,,,,,,,,,,,,,
Core PPC Services - UAE,,,,,,,,,Google Guaranteed Program Setup,,,,local services ads,Negative Phrase,,,,,,,,,,,,,,,,,,,,,,,,,,,,,,,,,,,,,,,,,,,,,,
Core PPC Services - UAE,,,,,,,,,Google Guaranteed Program Setup,,,,agency,Negative Phrase,,,,,,,,,,,,,,,,,,,,,,,,,,,,,,,,,,,,,,,,,,,,,,
Core PPC Services - UAE,,,,,,,,,Google Guaranteed Program Setup,,,,shopping,Negative Phrase,,,,,,,,,,,,,,,,,,,,,,,,,,,,,,,,,,,,,,,,,,,,,,
Core PPC Services - UAE,,,,,,,,,Google Guaranteed Program Setup,,,,display,Negative Phrase,,,,,,,,,,,,,,,,,,,,,,,,,,,,,,,,,,,,,,,,,,,,,,
Core PPC Services - UAE,,,,,,,,,Google Guaranteed Program Setup,,,,law firm,Negative Phrase,,,,,,,,,,,,,,,,,,,,,,,,,,,,,,,,,,,,,,,,,,,,,,
Core PPC Services - UAE,,,,,,,,,Google Guaranteed Program Setup,,,,real estate,Negative Phrase,,,,,,,,,,,,,,,,,,,,,,,,,,,,,,,,,,,,,,,,,,,,,,
Core PPC Services - UAE,,,,,,,,,Google Guaranteed Program Setup,,,,cleaning business,Negative Phrase,,,,,,,,,,,,,,,,,,,,,,,,,,,,,,,,,,,,,,,,,,,,,,
Core PPC Services - UAE,,,,,,,,,Google Guaranteed Program Setup,,,,construction,Negative Phrase,,,,,,,,,,,,,,,,,,,,,,,,,,,,,,,,,,,,,,,,,,,,,,
Core PPC Services - UAE,,,,,,,,,Google Guaranteed Program Setup,,,,moving,Negative Phrase,,,,,,,,,,,,,,,,,,,,,,,,,,,,,,,,,,,,,,,,,,,,,,
Core PPC Services - UAE,,,,,,,,,Google Guaranteed Program Setup,,,,junk removal,Negative Phrase,,,,,,,,,,,,,,,,,,,,,,,,,,,,,,,,,,,,,,,,,,,,,,
Core PPC Services - UAE,,,,,,,,,Google Guaranteed Program Setup,,,,account,Negative Phrase,,,,,,,,,,,,,,,,,,,,,,,,,,,,,,,,,,,,,,,,,,,,,,
Core PPC Services - UAE,,,,,,,,,Google Guaranteed Program Setup,,,,adwords,Negative Phrase,,,,,,,,,,,,,,,,,,,,,,,,,,,,,,,,,,,,,,,,,,,,,,
Core PPC Services - UAE,,,,,,,,,Google Guaranteed Program Setup,,,,agents,Negative Phrase,,,,,,,,,,,,,,,,,,,,,,,,,,,,,,,,,,,,,,,,,,,,,,
Core PPC Services - UAE,,,,,,,,,Google Guaranteed Program Setup,,,,audit,Negative Phrase,,,,,,,,,,,,,,,,,,,,,,,,,,,,,,,,,,,,,,,,,,,,,,
Core PPC Services - UAE,,,,,,,,,Google Guaranteed Program Setup,,,,cleaning,Negative Phrase,,,,,,,,,,,,,,,,,,,,,,,,,,,,,,,,,,,,,,,,,,,,,,
Core PPC Services - UAE,,,,,,,,,Google Guaranteed Program Setup,,,,com,Negative Phrase,,,,,,,,,,,,,,,,,,,,,,,,,,,,,,,,,,,,,,,,,,,,,,
Core PPC Services - UAE,,,,,,,,,Google Guaranteed Program Setup,,,,consultant,Negative Phrase,,,,,,,,,,,,,,,,,,,,,,,,,,,,,,,,,,,,,,,,,,,,,,
Core PPC Services - UAE,,,,,,,,,Google Guaranteed Program Setup,,,,contractors,Negative Phrase,,,,,,,,,,,,,,,,,,,,,,,,,,,,,,,,,,,,,,,,,,,,,,
Core PPC Services - UAE,,,,,,,,,Google Guaranteed Program Setup,,,,control,Negative Phrase,,,,,,,,,,,,,,,,,,,,,,,,,,,,,,,,,,,,,,,,,,,,,,
Core PPC Services - UAE,,,,,,,,,Google Guaranteed Program Setup,,,,dedicated,Negative Phrase,,,,,,,,,,,,,,,,,,,,,,,,,,,,,,,,,,,,,,,,,,,,,,
Core PPC Services - UAE,,,,,,,,,Google Guaranteed Program Setup,,,,dentists,Negative Phrase,,,,,,,,,,,,,,,,,,,,,,,,,,,,,,,,,,,,,,,,,,,,,,
Core PPC Services - UAE,,,,,,,,,Google Guaranteed Program Setup,,,,design,Negative Phrase,,,,,,,,,,,,,,,,,,,,,,,,,,,,,,,,,,,,,,,,,,,,,,
Core PPC Services - UAE,,,,,,,,,Google Guaranteed Program Setup,,,,ecommerce,Negative Phrase,,,,,,,,,,,,,,,,,,,,,,,,,,,,,,,,,,,,,,,,,,,,,,
Core PPC Services - UAE,,,,,,,,,Google Guaranteed Program Setup,,,,estate,Negative Phrase,,,,,,,,,,,,,,,,,,,,,,,,,,,,,,,,,,,,,,,,,,,,,,
Core PPC Services - UAE,,,,,,,,,Google Guaranteed Program Setup,,,,hvac,Negative Phrase,,,,,,,,,,,,,,,,,,,,,,,,,,,,,,,,,,,,,,,,,,,,,,
Core PPC Services - UAE,,,,,,,,,Google Guaranteed Program Setup,,,,interior,Negative Phrase,,,,,,,,,,,,,,,,,,,,,,,,,,,,,,,,,,,,,,,,,,,,,,
Core PPC Services - UAE,,,,,,,,,Google Guaranteed Program Setup,,,,junk,Negative Phrase,,,,,,,,,,,,,,,,,,,,,,,,,,,,,,,,,,,,,,,,,,,,,,
Core PPC Services - UAE,,,,,,,,,Google Guaranteed Program Setup,,,,landscaping,Negative Phrase,,,,,,,,,,,,,,,,,,,,,,,,,,,,,,,,,,,,,,,,,,,,,,
Core PPC Services - UAE,,,,,,,,,Google Guaranteed Program Setup,,,,law,Negative Phrase,,,,,,,,,,,,,,,,,,,,,,,,,,,,,,,,,,,,,,,,,,,,,,
Core PPC Services - UAE,,,,,,,,,Google Guaranteed Program Setup,,,,leads,Negative Phrase,,,,,,,,,,,,,,,,,,,,,,,,,,,,,,,,,,,,,,,,,,,,,,
Core PPC Services - UAE,,,,,,,,,Google Guaranteed Program Setup,,,,listed,Negative Phrase,,,,,,,,,,,,,,,,,,,,,,,,,,,,,,,,,,,,,,,,,,,,,,
Core PPC Services - UAE,,,,,,,,,Google Guaranteed Program Setup,,,,local,Negative Phrase,,,,,,,,,,,,,,,,,,,,,,,,,,,,,,,,,,,,,,,,,,,,,,
Core PPC Services - UAE,,,,,,,,,Google Guaranteed Program Setup,,,,logistics,Negative Phrase,,,,,,,,,,,,,,,,,,,,,,,,,,,,,,,,,,,,,,,,,,,,,,
Core PPC Services - UAE,,,,,,,,,Google Guaranteed Program Setup,,,,map,Negative Phrase,,,,,,,,,,,,,,,,,,,,,,,,,,,,,,,,,,,,,,,,,,,,,,
Core PPC Services - UAE,,,,,,,,,Google Guaranteed Program Setup,,,,maps,Negative Phrase,,,,,,,,,,,,,,,,,,,,,,,,,,,,,,,,,,,,,,,,,,,,,,
Core PPC Services - UAE,,,,,,,,,Google Guaranteed Program Setup,,,,marketing,Negative Phrase,,,,,,,,,,,,,,,,,,,,,,,,,,,,,,,,,,,,,,,,,,,,,,
Core PPC Services - UAE,,,,,,,,,Google Guaranteed Program Setup,,,,monthly,Negative Phrase,,,,,,,,,,,,,,,,,,,,,,,,,,,,,,,,,,,,,,,,,,,,,,
Core PPC Services - UAE,,,,,,,,,Google Guaranteed Program Setup,,,,network,Negative Phrase,,,,,,,,,,,,,,,,,,,,,,,,,,,,,,,,,,,,,,,,,,,,,,
Core PPC Services - UAE,,,,,,,,,Google Guaranteed Program Setup,,,,package,Negative Phrase,,,,,,,,,,,,,,,,,,,,,,,,,,,,,,,,,,,,,,,,,,,,,,
Core PPC Services - UAE,,,,,,,,,Google Guaranteed Program Setup,,,,pest,Negative Phrase,,,,,,,,,,,,,,,,,,,,,,,,,,,,,,,,,,,,,,,,,,,,,,
Core PPC Services - UAE,,,,,,,,,Google Guaranteed Program Setup,,,,real,Negative Phrase,,,,,,,,,,,,,,,,,,,,,,,,,,,,,,,,,,,,,,,,,,,,,,
Core PPC Services - UAE,,,,,,,,,Google Guaranteed Program Setup,,,,recommended,Negative Phrase,,,,,,,,,,,,,,,,,,,,,,,,,,,,,,,,,,,,,,,,,,,,,,
Core PPC Services - UAE,,,,,,,,,Google Guaranteed Program Setup,,,,removal,Negative Phrase,,,,,,,,,,,,,,,,,,,,,,,,,,,,,,,,,,,,,,,,,,,,,,
Core PPC Services - UAE,,,,,,,,,Google Guaranteed Program Setup,,,,restaurants,Negative Phrase,,,,,,,,,,,,,,,,,,,,,,,,,,,,,,,,,,,,,,,,,,,,,,
Core PPC Services - UAE,,,,,,,,,Google Guaranteed Program Setup,,,,retail,Negative Phrase,,,,,,,,,,,,,,,,,,,,,,,,,,,,,,,,,,,,,,,,,,,,,,
Core PPC Services - UAE,,,,,,,,,Google Guaranteed Program Setup,,,,salons,Negative Phrase,,,,,,,,,,,,,,,,,,,,,,,,,,,,,,,,,,,,,,,,,,,,,,
Core PPC Services - UAE,,,,,,,,,Google Guaranteed Program Setup,,,,search,Negative Phrase,,,,,,,,,,,,,,,,,,,,,,,,,,,,,,,,,,,,,,,,,,,,,,
Core PPC Services - UAE,,,,,,,,,Google Guaranteed Program Setup,,,,small,Negative Phrase,,,,,,,,,,,,,,,,,,,,,,,,,,,,,,,,,,,,,,,,,,,,,,
Core PPC Services - UAE,,,,,,,,,Google Guaranteed Program Setup,,,,specialist,Negative Phrase,,,,,,,,,,,,,,,,,,,,,,,,,,,,,,,,,,,,,,,,,,,,,,
Core PPC Services - UAE,,,,,,,,,Google Guaranteed Program Setup,,,,stores,Negative Phrase,,,,,,,,,,,,,,,,,,,,,,,,,,,,,,,,,,,,,,,,,,,,,,
Core PPC Services - UAE,,,,,,,,,Google Guaranteed Program Setup,,,,verification,Negative Phrase,,,,,,,,,,,,,,,,,,,,,,,,,,,,,,,,,,,,,,,,,,,,,,
Core PPC Services - UAE,,,,,,,,,Shopping & Display Ads Management,Standard,Enabled,86129,,,,,,,,,,,,,,,,,,,,,,,,,,,,,,,,,,,,,,,,,,,,,,,,
Core PPC Services - UAE,,,,,,,,,Shopping & Display Ads Management,,,86129,google shopping management company,Phrase,,,,,,,,,,,,,,,,,,,,,,,,,,,,,,,,,,,,,,,,,,,,,,
Core PPC Services - UAE,,,,,,,,,Shopping & Display Ads Management,,,86129,google shopping ads agency,Phrase,,,,,,,,,,,,,,,,,,,,,,,,,,,,,,,,,,,,,,,,,,,,,,
Core PPC Services - UAE,,,,,,,,,Shopping & Display Ads Management,,,86129,google display advertising companies,Phrase,,,,,,,,,,,,,,,,,,,,,,,,,,,,,,,,,,,,,,,,,,,,,,
Core PPC Services - UAE,,,,,,,,,Shopping & Display Ads Management,,,86129,google display advertising agency,Phrase,,,,,,,,,,,,,,,,,,,,,,,,,,,,,,,,,,,,,,,,,,,,,,
Core PPC Services - UAE,,,,,,,,,Shopping & Display Ads Management,,,86129,google shopping ads management dubai,Phrase,,,,,,,,,,,,,,,,,,,,,,,,,,,,,,,,,,,,,,,,,,,,,,
Core PPC Services - UAE,,,,,,,,,Shopping & Display Ads Management,,,86129,display ads agency uae,Phrase,,,,,,,,,,,,,,,,,,,,,,,,,,,,,,,,,,,,,,,,,,,,,,
Core PPC Services - UAE,,,,,,,,,Shopping & Display Ads Management,,,86129,google shopping campaign setup dubai,Phrase,,,,,,,,,,,,,,,,,,,,,,,,,,,,,,,,,,,,,,,,,,,,,,
Core PPC Services - UAE,,,,,,,,,Shopping & Display Ads Management,,,86129,ecommerce ppc management uae,Phrase,,,,,,,,,,,,,,,,,,,,,,,,,,,,,,,,,,,,,,,,,,,,,,
Core PPC Services - UAE,,,,,,,,,Shopping & Display Ads Management,,,86129,google display network ads dubai cost,Phrase,,,,,,,,,,,,,,,,,,,,,,,,,,,,,,,,,,,,,,,,,,,,,,
Core PPC Services - UAE,,,,,,,,,Shopping & Display Ads Management,,,86129,retail google ads management uae,Phrase,,,,,,,,,,,,,,,,,,,,,,,,,,,,,,,,,,,,,,,,,,,,,,
Core PPC Services - UAE,,,,,,,,,Shopping & Display Ads Management,,,86129,shopping ads for online stores dubai,Phrase,,,,,,,,,,,,,,,,,,,,,,,,,,,,,,,,,,,,,,,,,,,,,,
Core PPC Services - UAE,,,,,,,,,Shopping & Display Ads Management,,,,local services ads,Negative Phrase,,,,,,,,,,,,,,,,,,,,,,,,,,,,,,,,,,,,,,,,,,,,,,
Core PPC Services - UAE,,,,,,,,,Shopping & Display Ads Management,,,,guaranteed,Negative Phrase,,,,,,,,,,,,,,,,,,,,,,,,,,,,,,,,,,,,,,,,,,,,,,
Core PPC Services - UAE,,,,,,,,,Shopping & Display Ads Management,,,,hire,Negative Phrase,,,,,,,,,,,,,,,,,,,,,,,,,,,,,,,,,,,,,,,,,,,,,,
Core PPC Services - UAE,,,,,,,,,Shopping & Display Ads Management,,,,law firm,Negative Phrase,,,,,,,,,,,,,,,,,,,,,,,,,,,,,,,,,,,,,,,,,,,,,,
Core PPC Services - UAE,,,,,,,,,Shopping & Display Ads Management,,,,real estate,Negative Phrase,,,,,,,,,,,,,,,,,,,,,,,,,,,,,,,,,,,,,,,,,,,,,,
Core PPC Services - UAE,,,,,,,,,Shopping & Display Ads Management,,,,cleaning business,Negative Phrase,,,,,,,,,,,,,,,,,,,,,,,,,,,,,,,,,,,,,,,,,,,,,,
Core PPC Services - UAE,,,,,,,,,Shopping & Display Ads Management,,,,construction,Negative Phrase,,,,,,,,,,,,,,,,,,,,,,,,,,,,,,,,,,,,,,,,,,,,,,
Core PPC Services - UAE,,,,,,,,,Shopping & Display Ads Management,,,,moving,Negative Phrase,,,,,,,,,,,,,,,,,,,,,,,,,,,,,,,,,,,,,,,,,,,,,,
Core PPC Services - UAE,,,,,,,,,Shopping & Display Ads Management,,,,junk removal,Negative Phrase,,,,,,,,,,,,,,,,,,,,,,,,,,,,,,,,,,,,,,,,,,,,,,
Core PPC Services - UAE,,,,,,,,,Shopping & Display Ads Management,,,,account,Negative Phrase,,,,,,,,,,,,,,,,,,,,,,,,,,,,,,,,,,,,,,,,,,,,,,
Core PPC Services - UAE,,,,,,,,,Shopping & Display Ads Management,,,,adwords,Negative Phrase,,,,,,,,,,,,,,,,,,,,,,,,,,,,,,,,,,,,,,,,,,,,,,
Core PPC Services - UAE,,,,,,,,,Shopping & Display Ads Management,,,,agents,Negative Phrase,,,,,,,,,,,,,,,,,,,,,,,,,,,,,,,,,,,,,,,,,,,,,,
Core PPC Services - UAE,,,,,,,,,Shopping & Display Ads Management,,,,application,Negative Phrase,,,,,,,,,,,,,,,,,,,,,,,,,,,,,,,,,,,,,,,,,,,,,,
Core PPC Services - UAE,,,,,,,,,Shopping & Display Ads Management,,,,audit,Negative Phrase,,,,,,,,,,,,,,,,,,,,,,,,,,,,,,,,,,,,,,,,,,,,,,
Core PPC Services - UAE,,,,,,,,,Shopping & Display Ads Management,,,,badge,Negative Phrase,,,,,,,,,,,,,,,,,,,,,,,,,,,,,,,,,,,,,,,,,,,,,,
Core PPC Services - UAE,,,,,,,,,Shopping & Display Ads Management,,,,cleaning,Negative Phrase,,,,,,,,,,,,,,,,,,,,,,,,,,,,,,,,,,,,,,,,,,,,,,
Core PPC Services - UAE,,,,,,,,,Shopping & Display Ads Management,,,,com,Negative Phrase,,,,,,,,,,,,,,,,,,,,,,,,,,,,,,,,,,,,,,,,,,,,,,
Core PPC Services - UAE,,,,,,,,,Shopping & Display Ads Management,,,,consultant,Negative Phrase,,,,,,,,,,,,,,,,,,,,,,,,,,,,,,,,,,,,,,,,,,,,,,
Core PPC Services - UAE,,,,,,,,,Shopping & Display Ads Management,,,,contractors,Negative Phrase,,,,,,,,,,,,,,,,,,,,,,,,,,,,,,,,,,,,,,,,,,,,,,
Core PPC Services - UAE,,,,,,,,,Shopping & Display Ads Management,,,,control,Negative Phrase,,,,,,,,,,,,,,,,,,,,,,,,,,,,,,,,,,,,,,,,,,,,,,
Core PPC Services - UAE,,,,,,,,,Shopping & Display Ads Management,,,,dedicated,Negative Phrase,,,,,,,,,,,,,,,,,,,,,,,,,,,,,,,,,,,,,,,,,,,,,,
Core PPC Services - UAE,,,,,,,,,Shopping & Display Ads Management,,,,dentists,Negative Phrase,,,,,,,,,,,,,,,,,,,,,,,,,,,,,,,,,,,,,,,,,,,,,,
Core PPC Services - UAE,,,,,,,,,Shopping & Display Ads Management,,,,design,Negative Phrase,,,,,,,,,,,,,,,,,,,,,,,,,,,,,,,,,,,,,,,,,,,,,,
Core PPC Services - UAE,,,,,,,,,Shopping & Display Ads Management,,,,estate,Negative Phrase,,,,,,,,,,,,,,,,,,,,,,,,,,,,,,,,,,,,,,,,,,,,,,
Core PPC Services - UAE,,,,,,,,,Shopping & Display Ads Management,,,,help,Negative Phrase,,,,,,,,,,,,,,,,,,,,,,,,,,,,,,,,,,,,,,,,,,,,,,
Core PPC Services - UAE,,,,,,,,,Shopping & Display Ads Management,,,,how,Negative Phrase,,,,,,,,,,,,,,,,,,,,,,,,,,,,,,,,,,,,,,,,,,,,,,
Core PPC Services - UAE,,,,,,,,,Shopping & Display Ads Management,,,,hvac,Negative Phrase,,,,,,,,,,,,,,,,,,,,,,,,,,,,,,,,,,,,,,,,,,,,,,
Core PPC Services - UAE,,,,,,,,,Shopping & Display Ads Management,,,,interior,Negative Phrase,,,,,,,,,,,,,,,,,,,,,,,,,,,,,,,,,,,,,,,,,,,,,,
Core PPC Services - UAE,,,,,,,,,Shopping & Display Ads Management,,,,junk,Negative Phrase,,,,,,,,,,,,,,,,,,,,,,,,,,,,,,,,,,,,,,,,,,,,,,
Core PPC Services - UAE,,,,,,,,,Shopping & Display Ads Management,,,,landscaping,Negative Phrase,,,,,,,,,,,,,,,,,,,,,,,,,,,,,,,,,,,,,,,,,,,,,,
Core PPC Services - UAE,,,,,,,,,Shopping & Display Ads Management,,,,law,Negative Phrase,,,,,,,,,,,,,,,,,,,,,,,,,,,,,,,,,,,,,,,,,,,,,,
Core PPC Services - UAE,,,,,,,,,Shopping & Display Ads Management,,,,leads,Negative Phrase,,,,,,,,,,,,,,,,,,,,,,,,,,,,,,,,,,,,,,,,,,,,,,
Core PPC Services - UAE,,,,,,,,,Shopping & Display Ads Management,,,,listed,Negative Phrase,,,,,,,,,,,,,,,,,,,,,,,,,,,,,,,,,,,,,,,,,,,,,,
Core PPC Services - UAE,,,,,,,,,Shopping & Display Ads Management,,,,local,Negative Phrase,,,,,,,,,,,,,,,,,,,,,,,,,,,,,,,,,,,,,,,,,,,,,,
Core PPC Services - UAE,,,,,,,,,Shopping & Display Ads Management,,,,logistics,Negative Phrase,,,,,,,,,,,,,,,,,,,,,,,,,,,,,,,,,,,,,,,,,,,,,,
Core PPC Services - UAE,,,,,,,,,Shopping & Display Ads Management,,,,map,Negative Phrase,,,,,,,,,,,,,,,,,,,,,,,,,,,,,,,,,,,,,,,,,,,,,,
Core PPC Services - UAE,,,,,,,,,Shopping & Display Ads Management,,,,maps,Negative Phrase,,,,,,,,,,,,,,,,,,,,,,,,,,,,,,,,,,,,,,,,,,,,,,
Core PPC Services - UAE,,,,,,,,,Shopping & Display Ads Management,,,,marketing,Negative Phrase,,,,,,,,,,,,,,,,,,,,,,,,,,,,,,,,,,,,,,,,,,,,,,
Core PPC Services - UAE,,,,,,,,,Shopping & Display Ads Management,,,,monthly,Negative Phrase,,,,,,,,,,,,,,,,,,,,,,,,,,,,,,,,,,,,,,,,,,,,,,
Core PPC Services - UAE,,,,,,,,,Shopping & Display Ads Management,,,,package,Negative Phrase,,,,,,,,,,,,,,,,,,,,,,,,,,,,,,,,,,,,,,,,,,,,,,
Core PPC Services - UAE,,,,,,,,,Shopping & Display Ads Management,,,,pest,Negative Phrase,,,,,,,,,,,,,,,,,,,,,,,,,,,,,,,,,,,,,,,,,,,,,,
Core PPC Services - UAE,,,,,,,,,Shopping & Display Ads Management,,,,real,Negative Phrase,,,,,,,,,,,,,,,,,,,,,,,,,,,,,,,,,,,,,,,,,,,,,,
Core PPC Services - UAE,,,,,,,,,Shopping & Display Ads Management,,,,recommended,Negative Phrase,,,,,,,,,,,,,,,,,,,,,,,,,,,,,,,,,,,,,,,,,,,,,,
Core PPC Services - UAE,,,,,,,,,Shopping & Display Ads Management,,,,removal,Negative Phrase,,,,,,,,,,,,,,,,,,,,,,,,,,,,,,,,,,,,,,,,,,,,,,
Core PPC Services - UAE,,,,,,,,,Shopping & Display Ads Management,,,,restaurants,Negative Phrase,,,,,,,,,,,,,,,,,,,,,,,,,,,,,,,,,,,,,,,,,,,,,,
Core PPC Services - UAE,,,,,,,,,Shopping & Display Ads Management,,,,salons,Negative Phrase,,,,,,,,,,,,,,,,,,,,,,,,,,,,,,,,,,,,,,,,,,,,,,
Core PPC Services - UAE,,,,,,,,,Shopping & Display Ads Management,,,,screened,Negative Phrase,,,,,,,,,,,,,,,,,,,,,,,,,,,,,,,,,,,,,,,,,,,,,,
Core PPC Services - UAE,,,,,,,,,Shopping & Display Ads Management,,,,search,Negative Phrase,,,,,,,,,,,,,,,,,,,,,,,,,,,,,,,,,,,,,,,,,,,,,,
Core PPC Services - UAE,,,,,,,,,Shopping & Display Ads Management,,,,small,Negative Phrase,,,,,,,,,,,,,,,,,,,,,,,,,,,,,,,,,,,,,,,,,,,,,,
Core PPC Services - UAE,,,,,,,,,Shopping & Display Ads Management,,,,specialist,Negative Phrase,,,,,,,,,,,,,,,,,,,,,,,,,,,,,,,,,,,,,,,,,,,,,,
Core PPC Services - UAE,,,,,,,,,Shopping & Display Ads Management,,,,verification,Negative Phrase,,,,,,,,,,,,,,,,,,,,,,,,,,,,,,,,,,,,,,,,,,,,,,
Core PPC Services - UAE,,,,,,,,,Google Local Services Ads (LSA),,,,,,,,,,,,Responsive search ad,Rank Above Search Ads On Maps,1,Book A Local Ads Strategy Call,1,Setup Live In Under One Week,,Managed By UAE Ppc Specialists,,Local Ads Management Abu Dhabi,1,Local Services Ads,,Google Local Ads,,Google Local Advertising,,Google Local Service Ads,,Local Services Ads Google,,Local Services Ads By Google,,Google Local Ad Services,,Local Search Ad,,Google Local Service,,Google Local Search Ads,,"Get your business listed on Google local services ads across the UAE, fully managed.","We handle verification, budgets and lead tracking so contractors just take calls.","No long contracts, clear reporting, and pricing built for Dubai service businesses.",Trusted by UAE contractors for local services ads that bring in real leads daily.,google-local,services,https://seoblogy.com/google-local-services-ads-management/,Enabled,
Core PPC Services - UAE,,,,,,,,,Hire a Google Ads / PPC Agency,,,,,,,,,,,,Responsive search ad,Google Ads Agency In The UAE,1,Hire A Google Adwords Expert,1,Google Ads Management Company,1,Google Ads Services Agency,,Adwords Agency Near You Now,,Landing Pages Matched To Ads,,Get A Free Account Audit Today,3,Hire A Ppc Expert In Dubai,,Request Your Campaign Quote,,Start With A Free Ads Review,,Setup Live In Days Not Weeks,,Done For You Ppc For Services,,Agency Google Adwords,,Google Ads Companies,,Google Ad Agency,,Hire a dedicated adwords expert to build and manage campaigns that convert.,"We build ad groups, RSAs and negative keywords, not just generic templates.","No long contracts, no guesswork: see costs and setup before you commit.","Trusted by service businesses across the UAE for honest, proven results.",google-ads,campaign,https://seoblogy.com/google-ads-campaign-management-uae/,Enabled,
Core PPC Services - UAE,,,,,,,,,Industry-Specific Google Ads,,,,,,,,,,,,Responsive search ad,Google Ads For Law Firms,1,Ppc For Moving Companies,1,Built For Your Industry Niche,,Get Your Free Campaign Audit,3,Start Your Setup This Week,,See Your Keyword Plan Free,,Live In Your Account Via Api,,Flat Setup Fee No Guesswork,,Google Ads for Service,1,Google Ads for Cleaning,,Google Ads for Real Estate,,Google Ads for Construction,,Google Ads for Moving,,Google Ads Management for,,Google Ads for Junk Removal,,"Google Ads for law firms, real estate and cleaning built around your exact trade.",We build landing pages and negative keywords most agencies skip entirely.,"No long contracts, free audit shows your keywords and costs before you pay.",Trusted by service businesses across the UAE for done-for-you PPC setup.,google-ads-for,service,https://seoblogy.com/google-ads-for-service-businesses/,Enabled,
Core PPC Services - UAE,,,,,,,,,Google Guaranteed Program Setup,,,,,,,,,,,,Responsive search ad,Google Guaranteed Setup,1,Google Guaranteed Ads Help,1,Google Guaranteed Business,1,Google Guaranteed Badge Dubai,,Google Screened In The UAE,,Stand Out With The Badge,,Win More Local Trust Signals,,Boost Leads With Trust Badge,,Apply For Your Badge Today,,Start Your Application Now,3,Check Your Eligibility Today,,Handled By Ads Specialists,,Full Application Support,,Google Guaranteed Cost Dubai,,Google Guaranteed,,Get Google Guaranteed in Dubai with full setup and application support today.,"We handle paperwork, badge criteria, and ongoing compliance for you.","No guesswork on cost or eligibility, we review your business first.",Trusted by UAE service businesses applying for Google Screened status.,google-setup,guaranteed,https://seoblogy.com/google-guaranteed-setup-service/,Enabled,
Core PPC Services - UAE,,,,,,,,,Shopping & Display Ads Management,,,,,,,,,,,,Responsive search ad,Google Shopping Ads Agency,1,Google Display Ads Company,1,Shopping Ads Management Dubai,1,Display Ads Agency In UAE,,Ecommerce PPC Management UAE,,Shopping Campaign Setup Dubai,,Retail Google Ads Management,,Turn Browsers Into Buyers,,"More Store Visits, More Sales",,Product Feeds Built Right,,Get Your Free Shopping Audit,3,Launch Campaigns This Week,,Request Your Dubai Ads Quote,,Campaigns Live In Days,,"Clear Pricing, No Surprises",,Google Shopping ads built and managed for online stores across the UAE.,"We handle product feeds, display creative and negative keywords, not just clicks.","No long contracts, no guesswork pricing, just clear reporting on results.",Dubai retailers trust SEOBlogy to launch shopping and display campaigns fast.,google-shopping,display,https://seoblogy.com/google-shopping-display-ads-management/,Enabled,
Core PPC Services - UAE,,,,,,,,,,,,,,,2784,United Arab Emirates,,,,,,,,,,,,,,,,,,,,,,,,,,,,,,,,,,,,,,,,,,,,
Core PPC Services - UAE,,,,,,,,,,,,,,,9041082,"Abu Dhabi,United Arab Emirates",25,,,,,,,,,,,,,,,,,,,,,,,,,,,,,,,,,,,,,,,,,,,
Core PPC Services - UAE,,,,,,,,,,,,,,,9047096,"Ajman,United Arab Emirates",,,,,,,,,,,,,,,,,,,,,,,,,,,,,,,,,,,,,,,,,,,,
Core PPC Services - UAE,,,,,,,,,,,,,,,9041083,"Dubai,United Arab Emirates",25,,,,,,,,,,,,,,,,,,,,,,,,,,,,,,,,,,,,,,,,,,,
Core PPC Services - UAE,,,,,,,,,,,,,,,9047100,"Emirate of Umm Al Quwain,United Arab Emirates",,,,,,,,,,,,,,,,,,,,,,,,,,,,,,,,,,,,,,,,,,,,
Core PPC Services - UAE,,,,,,,,,,,,,,,9047097,"Fujairah,United Arab Emirates",,,,,,,,,,,,,,,,,,,,,,,,,,,,,,,,,,,,,,,,,,,,
Core PPC Services - UAE,,,,,,,,,,,,,,,9047098,"Ras Al Khaimah,United Arab Emirates",,,,,,,,,,,,,,,,,,,,,,,,,,,,,,,,,,,,,,,,,,,,
Core PPC Services - UAE,,,,,,,,,,,,,,,9047099,"Sharjah,United Arab Emirates",,,,,,,,,,,,,,,,,,,,,,,,,,,,,,,,,,,,,,,,,,,,
Core PPC Services - UAE,,,,,,,,,,,,,,,1000012,"Al Ain,Abu Dhabi,United Arab Emirates",,,,Negative,,,,,,,,,,,,,,,,,,,,,,,,,,,,,,,,,,,,,,,,
Core PPC Services - UAE,,,,,,,,,,,,,,,9252263,"Al Aweer,Dubai,United Arab Emirates",,,,Negative,,,,,,,,,,,,,,,,,,,,,,,,,,,,,,,,,,,,,,,,
Core PPC Services - UAE,,,,,,,,,,,,,,,9253449,"Al Dhaid,Sharjah,United Arab Emirates",,,,Negative,,,,,,,,,,,,,,,,,,,,,,,,,,,,,,,,,,,,,,,,
Core PPC Services - UAE,,,,,,,,,,,,,,,9212312,"Hatta,Dubai,United Arab Emirates",,,,Negative,,,,,,,,,,,,,,,,,,,,,,,,,,,,,,,,,,,,,,,,
Core PPC Services - UAE,,,,,,,,,,,,,,,9190712,"Kalba,Sharjah,United Arab Emirates",,,,Negative,,,,,,,,,,,,,,,,,,,,,,,,,,,,,,,,,,,,,,,,
Core PPC Services - UAE,,,,,,,,,,,,,,,9264040,"Masafi,Ras Al Khaimah,United Arab Emirates",,,,Negative,,,,,,,,,,,,,,,,,,,,,,,,,,,,,,,,,,,,,,,,
Core PPC Services - UAE,,,,,,,,,,,,,,,9047578,"Madinat Zayed,Abu Dhabi,United Arab Emirates",,,,Negative,,,,,,,,,,,,,,,,,,,,,,,,,,,,,,,,,,,,,,,,
Core PPC Services - UAE,,,,,,,,,,,,,,,9047579,"Al Ruwais Industrial City,Abu Dhabi,United Arab Emirates",,,,Negative,,,,,,,,,,,,,,,,,,,,,,,,,,,,,,,,,,,,,,,,
Core PPC Services - UAE,,,,,,,,,,,,,,,2586,Pakistan,,,,Negative,,,,,,,,,,,,,,,,,,,,,,,,,,,,,,,,,,,,,,,,
Core PPC Services - UAE,,,,,,,,,,,,,,,2356,India,,,,Negative,,,,,,,,,,,,,,,,,,,,,,,,,,,,,,,,,,,,,,,,
Core PPC Services - UAE,,,,,,,,,,,,,,,2050,Bangladesh,,,,Negative,,,,,,,,,,,,,,,,,,,,,,,,,,,,,,,,,,,,,,,,
Core PPC Services - UAE,,,,,,,,,,,,,,,2608,Philippines,,,,Negative,,,,,,,,,,,,,,,,,,,,,,,,,,,,,,,,,,,,,,,,
Core PPC Services - UAE,,,,,,,,,,,,,,,2818,Egypt,,,,Negative,,,,,,,,,,,,,,,,,,,,,,,,,,,,,,,,,,,,,,,,
Core PPC Services - UAE,,,,,,,,,,,,,,,2360,Indonesia,,,,Negative,,,,,,,,,,,,,,,,,,,,,,,,,,,,,,,,,,,,,,,,
Core PPC Services - UAE,,,,,,,,,,,,,,,,,30%,Advertising & Marketing Services,,,,,,,,,,,,,,,,,,,,,,,,,,,,,,,,,,,,,,,,,,IN_MARKET | observation | Direct match to PPC agency service intent
Core PPC Services - UAE,,,,,,,,,,,,,,,,,30%,SEO & SEM Services,,,,,,,,,,,,,,,,,,,,,,,,,,,,,,,,,,,,,,,,,,IN_MARKET | observation | Core service category alignment
Core PPC Services - UAE,,,,,,,,,,,,,,,,,15%,Business Financial Services,,,,,,,,,,,,,,,,,,,,,,,,,,,,,,,,,,,,,,,,,,IN_MARKET | observation | B2B service buyer overlap
Core PPC Services - UAE,,,,,,,,,,,,,,,,,15%,Staffing & Recruitment Services,,,,,,,,,,,,,,,,,,,,,,,,,,,,,,,,,,,,,,,,,,IN_MARKET | observation | Businesses hiring outsourced services mindset
Core PPC Services - UAE,,,,,,,,,,,,,,,,,20%,Web Design & Development,,,,,,,,,,,,,,,,,,,,,,,,,,,,,,,,,,,,,,,,,,IN_MARKET | observation | Complementary digital marketing buyer intent
Core PPC Services - UAE,,,,,,,,,,,,,,,,,10%,Web Hosting,,,,,,,,,,,,,,,,,,,,,,,,,,,,,,,,,,,,,,,,,,IN_MARKET | observation | Website/digital infra buyer overlap
Core PPC Services - UAE,,,,,,,,,,,,,,,,,10%,Enterprise Software,,,,,,,,,,,,,,,,,,,,,,,,,,,,,,,,,,,,,,,,,,"IN_MARKET | observation | Business software buyers, decision-makers"
Core PPC Services - UAE,,,,,,,,,,,,,,,,,15%,CRM Solutions,,,,,,,,,,,,,,,,,,,,,,,,,,,,,,,,,,,,,,,,,,IN_MARKET | observation | Lead-gen focused business owners
Core PPC Services - UAE,,,,,,,,,,,,,,,,,15%,General Contracting & Remodeling Services,,,,,,,,,,,,,,,,,,,,,,,,,,,,,,,,,,,,,,,,,,IN_MARKET | observation | Construction vertical target overlap
Core PPC Services - UAE,,,,,,,,,,,,,,,,,15%,Home Cleaning Services,,,,,,,,,,,,,,,,,,,,,,,,,,,,,,,,,,,,,,,,,,IN_MARKET | observation | Cleaning business owners matching keywords
Core PPC Services - UAE,,,,,,,,,,,,,,,,,15%,Moving & Relocation,,,,,,,,,,,,,,,,,,,,,,,,,,,,,,,,,,,,,,,,,,IN_MARKET | observation | Moving companies vertical keyword match
Core PPC Services - UAE,,,,,,,,,,,,,,,,,10%,Legal Jobs,,,,,,,,,,,,,,,,,,,,,,,,,,,,,,,,,,,,,,,,,,IN_MARKET | observation | Law firm adjacent professional audience
Core PPC Services - UAE,,,,,,,,,,,,,,,,,15%,Business Professionals,,,,,,,,,,,,,,,,,,,,,,,,,,,,,,,,,,,,,,,,,,AFFINITY | observation | Decision-makers researching agency services
Core PPC Services - UAE,,,,,,,,,,,,,,,,,10%,Technophiles,,,,,,,,,,,,,,,,,,,,,,,,,,,,,,,,,,,,,,,,,,AFFINITY | observation | Early tech adopters interested in digital tools
Core PPC Services - UAE,,,,,,,,,,,,,,,,,10%,Avid Business News Readers,,,,,,,,,,,,,,,,,,,,,,,,,,,,,,,,,,,,,,,,,,AFFINITY | observation | Business-minded owners tracking market trends
Core PPC Services - UAE,,,,,,,,,,,,,,,,,,Employment,,Campaign negative,,,,,,,,,,,,,,,,,,,,,,,,,,,,,,,,,,,,,,,,IN_MARKET | Job seekers not buying agency services
Core PPC Services - UAE,,,,,,,,,,,,,,,,,,IT & Technical Jobs,,Campaign negative,,,,,,,,,,,,,,,,,,,,,,,,,,,,,,,,,,,,,,,,"IN_MARKET | Job seekers, not B2B service buyers"
Core PPC Services - UAE,,,,,,,,,,,,,,,,,,Sales & Marketing Jobs,,Campaign negative,,,,,,,,,,,,,,,,,,,,,,,,,,,,,,,,,,,,,,,,IN_MARKET | Job seekers rather than agency clients
Core PPC Services - UAE,,,,,,,,,,,,,,,,,,Resumes & Portfolios,,Campaign negative,,,,,,,,,,,,,,,,,,,,,,,,,,,,,,,,,,,,,,,,"IN_MARKET | Job search intent, wrong audience"
Core PPC Services - UAE,,,,,,,,,,,,,,,,,,Post-Secondary Education,,Campaign negative,,,,,,,,,,,,,,,,,,,,,,,,,,,,,,,,,,,,,,,,IN_MARKET | Students not relevant to PPC service buyers
Core PPC Services - UAE,,,,,,,,,,,,,,,,,,Bargain Hunters,,Campaign negative,,,,,,,,,,,,,,,,,,,,,,,,,,,,,,,,,,,,,,,,AFFINITY | Discount seekers unlikely to pay agency fees
Core PPC Services - UAE,,,,,,,,,,,,,,,,,,Value Shoppers,,Campaign negative,,,,,,,,,,,,,,,,,,,,,,,,,,,,,,,,,,,,,,,,AFFINITY | Low-budget mindset misaligned with premium service
Core PPC Services - UAE,,,,,,,,,,,,,,,,,,Career Consulting Services,,Campaign negative,,,,,,,,,,,,,,,,,,,,,,,,,,,,,,,,,,,,,,,,"IN_MARKET | Career advice seekers, not business owners"
