Campaign,Ad Group,Keyword,Criterion Type,Max CPC
Core PPC Services - UAE,Google Local Services Ads (LSA),local services ads,Phrase,1796
Core PPC Services - UAE,Google Local Services Ads (LSA),google local ads,Phrase,2277
Core PPC Services - UAE,Google Local Services Ads (LSA),google local advertising,Phrase,2277
Core PPC Services - UAE,Google Local Services Ads (LSA),google local service ads,Phrase,2277
Core PPC Services - UAE,Google Local Services Ads (LSA),local services ads google,Phrase,2277
Core PPC Services - UAE,Google Local Services Ads (LSA),local services ads by google,Phrase,2277
Core PPC Services - UAE,Google Local Services Ads (LSA),google local ad services,Phrase,2277
Core PPC Services - UAE,Google Local Services Ads (LSA),local search ad,Phrase,2277
Core PPC Services - UAE,Google Local Services Ads (LSA),google local service,Phrase,2277
Core PPC Services - UAE,Google Local Services Ads (LSA),google local search ads,Phrase,2277
Core PPC Services - UAE,Google Local Services Ads (LSA),local search ads on google maps,Phrase,2277
Core PPC Services - UAE,Google Local Services Ads (LSA),ads google com local services ads,Phrase,2277
Core PPC Services - UAE,Google Local Services Ads (LSA),google local leads,Phrase,2277
Core PPC Services - UAE,Google Local Services Ads (LSA),local services ads dubai cost,Phrase,2277
Core PPC Services - UAE,Google Local Services Ads (LSA),get listed on google local services ads uae,Phrase,2277
Core PPC Services - UAE,Google Local Services Ads (LSA),google local services ads setup dubai,Phrase,2277
Core PPC Services - UAE,Google Local Services Ads (LSA),local service ads management abu dhabi,Phrase,2277
Core PPC Services - UAE,Google Local Services Ads (LSA),google local ads pricing uae,Phrase,2277
Core PPC Services - UAE,Google Local Services Ads (LSA),local services ads for contractors dubai,Phrase,2277
Core PPC Services - UAE,Google Local Services Ads (LSA),google map ads management uae,Phrase,2277
Core PPC Services - UAE,Google Local Services Ads (LSA),google local services ads verification uae,Phrase,2277
Core PPC Services - UAE,Hire a Google Ads / PPC Agency,agency google adwords,Phrase,4283
Core PPC Services - UAE,Hire a Google Ads / PPC Agency,google ads companies,Phrase,4698
Core PPC Services - UAE,Hire a Google Ads / PPC Agency,google ad agency,Phrase,6159
Core PPC Services - UAE,Hire a Google Ads / PPC Agency,google ads management company,Phrase,5735
Core PPC Services - UAE,Hire a Google Ads / PPC Agency,google ads services agency,Phrase,5735
Core PPC Services - UAE,Hire a Google Ads / PPC Agency,google adwords management company,Phrase,5735
Core PPC Services - UAE,Hire a Google Ads / PPC Agency,hire adwords expert,Phrase,5735
Core PPC Services - UAE,Hire a Google Ads / PPC Agency,hire adwords professional,Phrase,5735
Core PPC Services - UAE,Hire a Google Ads / PPC Agency,hire dedicated adwords expert,Phrase,5735
Core PPC Services - UAE,Hire a Google Ads / PPC Agency,hire google adwords expert,Phrase,5735
Core PPC Services - UAE,Hire a Google Ads / PPC Agency,hire a google ads specialist,Phrase,5735
Core PPC Services - UAE,Hire a Google Ads / PPC Agency,hire a google adwords consultant,Phrase,5735
Core PPC Services - UAE,Hire a Google Ads / PPC Agency,hire adwords specialist,Phrase,5735
Core PPC Services - UAE,Hire a Google Ads / PPC Agency,adwords agency near me,Phrase,5735
Core PPC Services - UAE,Hire a Google Ads / PPC Agency,google ads marketing agency near me,Phrase,5735
Core PPC Services - UAE,Hire a Google Ads / PPC Agency,google marketing firm,Phrase,5735
Core PPC Services - UAE,Hire a Google Ads / PPC Agency,adwords management companies,Phrase,5735
Core PPC Services - UAE,Hire a Google Ads / PPC Agency,google adwords advertising agency,Phrase,5735
Core PPC Services - UAE,Hire a Google Ads / PPC Agency,google ppc advertising agency,Phrase,5735
Core PPC Services - UAE,Hire a Google Ads / PPC Agency,ppc campaign setup,Phrase,5735
Core PPC Services - UAE,Hire a Google Ads / PPC Agency,google ad company,Phrase,5735
Core PPC Services - UAE,Hire a Google Ads / PPC Agency,google adwords company,Phrase,5735
Core PPC Services - UAE,Hire a Google Ads / PPC Agency,adwords companies,Phrase,5735
Core PPC Services - UAE,Hire a Google Ads / PPC Agency,recommended google marketing companies,Phrase,5735
Core PPC Services - UAE,Hire a Google Ads / PPC Agency,adwords marketing agency,Phrase,5735
Core PPC Services - UAE,Hire a Google Ads / PPC Agency,ppc online advertising,Phrase,5735
Core PPC Services - UAE,Hire a Google Ads / PPC Agency,google ads management dubai cost,Phrase,5735
Core PPC Services - UAE,Hire a Google Ads / PPC Agency,best ppc agency in dubai,Phrase,5735
Core PPC Services - UAE,Hire a Google Ads / PPC Agency,google ads campaign setup uae,Phrase,5735
Core PPC Services - UAE,Hire a Google Ads / PPC Agency,hire ppc expert dubai,Phrase,5735
Core PPC Services - UAE,Hire a Google Ads / PPC Agency,google ads management pricing uae,Phrase,5735
Core PPC Services - UAE,Hire a Google Ads / PPC Agency,ppc agency for service businesses dubai,Phrase,5735
Core PPC Services - UAE,Hire a Google Ads / PPC Agency,google ads account audit dubai,Phrase,5735
Core PPC Services - UAE,Hire a Google Ads / PPC Agency,affordable google ads management uae,Phrase,5735
Core PPC Services - UAE,Hire a Google Ads / PPC Agency,google ads agency abu dhabi,Phrase,5735
Core PPC Services - UAE,Hire a Google Ads / PPC Agency,monthly google ads management package uae,Phrase,5735
Core PPC Services - UAE,Industry-Specific Google Ads,google ads for law firms,Phrase,
Core PPC Services - UAE,Industry-Specific Google Ads,google ads for service business,Phrase,
Core PPC Services - UAE,Industry-Specific Google Ads,google ads for cleaning business,Phrase,
Core PPC Services - UAE,Industry-Specific Google Ads,google ads for real estate agents,Phrase,
Core PPC Services - UAE,Industry-Specific Google Ads,google ads for construction companies,Phrase,
Core PPC Services - UAE,Industry-Specific Google Ads,google ads for moving companies,Phrase,
Core PPC Services - UAE,Industry-Specific Google Ads,google ads management for small business,Phrase,
Core PPC Services - UAE,Industry-Specific Google Ads,google ads for junk removal,Phrase,
Core PPC Services - UAE,Industry-Specific Google Ads,google ads for estate agents,Phrase,
Core PPC Services - UAE,Industry-Specific Google Ads,google ads for restaurants dubai,Phrase,
Core PPC Services - UAE,Industry-Specific Google Ads,google ads for hvac companies uae,Phrase,
Core PPC Services - UAE,Industry-Specific Google Ads,google ads for dentists dubai,Phrase,
Core PPC Services - UAE,Industry-Specific Google Ads,ppc for interior design companies uae,Phrase,
Core PPC Services - UAE,Industry-Specific Google Ads,google ads for logistics companies dubai,Phrase,
Core PPC Services - UAE,Industry-Specific Google Ads,google ads for salons uae,Phrase,
Core PPC Services - UAE,Industry-Specific Google Ads,google ads for pest control dubai,Phrase,
Core PPC Services - UAE,Industry-Specific Google Ads,google ads for landscaping companies uae,Phrase,
Core PPC Services - UAE,Google Guaranteed Program Setup,google guaranteed,Phrase,
Core PPC Services - UAE,Google Guaranteed Program Setup,google guaranteed ads,Phrase,
Core PPC Services - UAE,Google Guaranteed Program Setup,google guaranteed business,Phrase,
Core PPC Services - UAE,Google Guaranteed Program Setup,google guaranteed badge dubai,Phrase,
Core PPC Services - UAE,Google Guaranteed Program Setup,google screened businesses uae,Phrase,
Core PPC Services - UAE,Google Guaranteed Program Setup,how to get google guaranteed in uae,Phrase,
Core PPC Services - UAE,Google Guaranteed Program Setup,google guaranteed cost dubai,Phrase,
Core PPC Services - UAE,Google Guaranteed Program Setup,google guaranteed application help uae,Phrase,
Core PPC Services - UAE,Google Guaranteed Program Setup,google guaranteed setup service dubai,Phrase,
Core PPC Services - UAE,Shopping & Display Ads Management,google shopping management company,Phrase,86129
Core PPC Services - UAE,Shopping & Display Ads Management,google shopping ads agency,Phrase,86129
Core PPC Services - UAE,Shopping & Display Ads Management,google display advertising companies,Phrase,86129
Core PPC Services - UAE,Shopping & Display Ads Management,google display advertising agency,Phrase,86129
Core PPC Services - UAE,Shopping & Display Ads Management,google shopping ads management dubai,Phrase,86129
Core PPC Services - UAE,Shopping & Display Ads Management,display ads agency uae,Phrase,86129
Core PPC Services - UAE,Shopping & Display Ads Management,google shopping campaign setup dubai,Phrase,86129
Core PPC Services - UAE,Shopping & Display Ads Management,ecommerce ppc management uae,Phrase,86129
Core PPC Services - UAE,Shopping & Display Ads Management,google display network ads dubai cost,Phrase,86129
Core PPC Services - UAE,Shopping & Display Ads Management,retail google ads management uae,Phrase,86129
Core PPC Services - UAE,Shopping & Display Ads Management,shopping ads for online stores dubai,Phrase,86129
