Campaign,Campaign Type,Networks,Budget,Budget type,Bid Strategy Type,Enhanced CPC,Campaign Status,Ad Group,Ad Group Type,Ad Group Status,Max CPC,Keyword,Criterion Type,ID,Location,Bid Modifier,Audience,Flexible Reach,Type,Ad type,Headline 1,Headline 1 position,Headline 2,Headline 2 position,Headline 3,Headline 3 position,Headline 4,Headline 4 position,Headline 5,Headline 5 position,Headline 6,Headline 6 position,Headline 7,Headline 7 position,Headline 8,Headline 8 position,Headline 9,Headline 9 position,Headline 10,Headline 10 position,Headline 11,Headline 11 position,Headline 12,Headline 12 position,Headline 13,Headline 13 position,Headline 14,Headline 14 position,Headline 15,Headline 15 position,Description 1,Description 2,Description 3,Description 4,Path 1,Path 2,Final URL,Status,Comment
Emergency Electrician Dubai,Search,Google search,1000,Daily,Manual CPC,Disabled,Paused,,,,,,,,,,,,,,,,,,,,,,,,,,,,,,,,,,,,,,,,,,,,,,,,,,,,
Emergency Electrician Dubai,,,,,,,,Emergency Electrician Call-Outs,Standard,Enabled,1889,,,,,,,,,,,,,,,,,,,,,,,,,,,,,,,,,,,,,,,,,,,,,,,,
Emergency Electrician Dubai,,,,,,,,Emergency Electrician Call-Outs,,,1889,emergency electrician near me,Phrase,,,,,,,,,,,,,,,,,,,,,,,,,,,,,,,,,,,,,,,,,,,,,,
Emergency Electrician Dubai,,,,,,,,Emergency Electrician Call-Outs,,,1889,emergency electrician dubai,Phrase,,,,,,,,,,,,,,,,,,,,,,,,,,,,,,,,,,,,,,,,,,,,,,
Emergency Electrician Dubai,,,,,,,,Emergency Electrician Call-Outs,,,1889,emergency electrical service near me,Phrase,,,,,,,,,,,,,,,,,,,,,,,,,,,,,,,,,,,,,,,,,,,,,,
Emergency Electrician Dubai,,,,,,,,Emergency Electrician Call-Outs,,,1889,same day electrician near me,Phrase,,,,,,,,,,,,,,,,,,,,,,,,,,,,,,,,,,,,,,,,,,,,,,
Emergency Electrician Dubai,,,,,,,,Emergency Electrician Call-Outs,,,1889,24 7 emergency electrician near me,Phrase,,,,,,,,,,,,,,,,,,,,,,,,,,,,,,,,,,,,,,,,,,,,,,
Emergency Electrician Dubai,,,,,,,,Emergency Electrician Call-Outs,,,1889,24 hour electrical service near me,Phrase,,,,,,,,,,,,,,,,,,,,,,,,,,,,,,,,,,,,,,,,,,,,,,
Emergency Electrician Dubai,,,,,,,,Emergency Electrician Call-Outs,,,1889,emergency electrician service near me,Phrase,,,,,,,,,,,,,,,,,,,,,,,,,,,,,,,,,,,,,,,,,,,,,,
Emergency Electrician Dubai,,,,,,,,Emergency Electrician Call-Outs,,,1889,24 hr electrical services near me,Phrase,,,,,,,,,,,,,,,,,,,,,,,,,,,,,,,,,,,,,,,,,,,,,,
Emergency Electrician Dubai,,,,,,,,Emergency Electrician Call-Outs,,,1889,best emergency electricians near me,Phrase,,,,,,,,,,,,,,,,,,,,,,,,,,,,,,,,,,,,,,,,,,,,,,
Emergency Electrician Dubai,,,,,,,,Emergency Electrician Call-Outs,,,1889,emergency electrician near me now,Phrase,,,,,,,,,,,,,,,,,,,,,,,,,,,,,,,,,,,,,,,,,,,,,,
Emergency Electrician Dubai,,,,,,,,Emergency Electrician Call-Outs,,,1889,emergency electricians in my area,Phrase,,,,,,,,,,,,,,,,,,,,,,,,,,,,,,,,,,,,,,,,,,,,,,
Emergency Electrician Dubai,,,,,,,,Emergency Electrician Call-Outs,,,1889,24 electrician near me,Phrase,,,,,,,,,,,,,,,,,,,,,,,,,,,,,,,,,,,,,,,,,,,,,,
Emergency Electrician Dubai,,,,,,,,Emergency Electrician Call-Outs,,,1889,24hr electrician near me,Phrase,,,,,,,,,,,,,,,,,,,,,,,,,,,,,,,,,,,,,,,,,,,,,,
Emergency Electrician Dubai,,,,,,,,Emergency Electrician Call-Outs,,,1889,24hrs electrician near me,Phrase,,,,,,,,,,,,,,,,,,,,,,,,,,,,,,,,,,,,,,,,,,,,,,
Emergency Electrician Dubai,,,,,,,,Emergency Electrician Call-Outs,,,1889,24x7 electrician near me,Phrase,,,,,,,,,,,,,,,,,,,,,,,,,,,,,,,,,,,,,,,,,,,,,,
Emergency Electrician Dubai,,,,,,,,Emergency Electrician Call-Outs,,,1889,emergency electrician dubai marina call now,Phrase,,,,,,,,,,,,,,,,,,,,,,,,,,,,,,,,,,,,,,,,,,,,,,
Emergency Electrician Dubai,,,,,,,,Emergency Electrician Call-Outs,,,1889,24 hour electrician dubai price,Phrase,,,,,,,,,,,,,,,,,,,,,,,,,,,,,,,,,,,,,,,,,,,,,,
Emergency Electrician Dubai,,,,,,,,Emergency Electrician Call-Outs,,,1889,urgent electrician call out dubai,Phrase,,,,,,,,,,,,,,,,,,,,,,,,,,,,,,,,,,,,,,,,,,,,,,
Emergency Electrician Dubai,,,,,,,,Emergency Electrician Call-Outs,,,1889,emergency electrician cost dubai,Phrase,,,,,,,,,,,,,,,,,,,,,,,,,,,,,,,,,,,,,,,,,,,,,,
Emergency Electrician Dubai,,,,,,,,Emergency Electrician Call-Outs,,,1889,electrician near me open now dubai,Phrase,,,,,,,,,,,,,,,,,,,,,,,,,,,,,,,,,,,,,,,,,,,,,,
Emergency Electrician Dubai,,,,,,,,Emergency Electrician Call-Outs,,,1889,fast electrician response dubai,Phrase,,,,,,,,,,,,,,,,,,,,,,,,,,,,,,,,,,,,,,,,,,,,,,
Emergency Electrician Dubai,,,,,,,,Emergency Electrician Call-Outs,,,1889,weekend emergency electrician dubai,Phrase,,,,,,,,,,,,,,,,,,,,,,,,,,,,,,,,,,,,,,,,,,,,,,
Emergency Electrician Dubai,,,,,,,,Emergency Electrician Call-Outs,,,1889,short circuit emergency repair dubai,Phrase,,,,,,,,,,,,,,,,,,,,,,,,,,,,,,,,,,,,,,,,,,,,,,
Emergency Electrician Dubai,,,,,,,,Emergency Electrician Call-Outs,,,1889,power outage electrician dubai,Phrase,,,,,,,,,,,,,,,,,,,,,,,,,,,,,,,,,,,,,,,,,,,,,,
Emergency Electrician Dubai,,,,,,,,Emergency Electrician Call-Outs,,,1889,emergency electrician hotline dubai,Phrase,,,,,,,,,,,,,,,,,,,,,,,,,,,,,,,,,,,,,,,,,,,,,,
Emergency Electrician Dubai,,,,,,,,Emergency Electrician Call-Outs,,,,maintenance,Negative Phrase,,,,,,,,,,,,,,,,,,,,,,,,,,,,,,,,,,,,,,,,,,,,,,
Emergency Electrician Dubai,,,,,,,,Emergency Electrician Call-Outs,,,,contract,Negative Phrase,,,,,,,,,,,,,,,,,,,,,,,,,,,,,,,,,,,,,,,,,,,,,,
Emergency Electrician Dubai,,,,,,,,Emergency Electrician Call-Outs,,,,amc,Negative Phrase,,,,,,,,,,,,,,,,,,,,,,,,,,,,,,,,,,,,,,,,,,,,,,
Emergency Electrician Dubai,,,,,,,,Emergency Electrician Call-Outs,,,,wiring,Negative Phrase,,,,,,,,,,,,,,,,,,,,,,,,,,,,,,,,,,,,,,,,,,,,,,
Emergency Electrician Dubai,,,,,,,,Emergency Electrician Call-Outs,,,,socket,Negative Phrase,,,,,,,,,,,,,,,,,,,,,,,,,,,,,,,,,,,,,,,,,,,,,,
Emergency Electrician Dubai,,,,,,,,Emergency Electrician Call-Outs,,,,switch,Negative Phrase,,,,,,,,,,,,,,,,,,,,,,,,,,,,,,,,,,,,,,,,,,,,,,
Emergency Electrician Dubai,,,,,,,,Emergency Electrician Call-Outs,,,,ev charger,Negative Phrase,,,,,,,,,,,,,,,,,,,,,,,,,,,,,,,,,,,,,,,,,,,,,,
Emergency Electrician Dubai,,,,,,,,Emergency Electrician Call-Outs,,,,db board,Negative Phrase,,,,,,,,,,,,,,,,,,,,,,,,,,,,,,,,,,,,,,,,,,,,,,
Emergency Electrician Dubai,,,,,,,,Emergency Electrician Call-Outs,,,,contractors,Negative Phrase,,,,,,,,,,,,,,,,,,,,,,,,,,,,,,,,,,,,,,,,,,,,,,
Emergency Electrician Dubai,,,,,,,,Emergency Electrician Call-Outs,,,,technician,Negative Phrase,,,,,,,,,,,,,,,,,,,,,,,,,,,,,,,,,,,,,,,,,,,,,,
Emergency Electrician Dubai,,,,,,,,Emergency Electrician Call-Outs,,,,quote,Negative Phrase,,,,,,,,,,,,,,,,,,,,,,,,,,,,,,,,,,,,,,,,,,,,,,
Emergency Electrician Dubai,,,,,,,,Emergency Electrician Call-Outs,,,,annual,Negative Phrase,,,,,,,,,,,,,,,,,,,,,,,,,,,,,,,,,,,,,,,,,,,,,,
Emergency Electrician Dubai,,,,,,,,Emergency Electrician Call-Outs,,,,board,Negative Phrase,,,,,,,,,,,,,,,,,,,,,,,,,,,,,,,,,,,,,,,,,,,,,,
Emergency Electrician Dubai,,,,,,,,Emergency Electrician Call-Outs,,,,building,Negative Phrase,,,,,,,,,,,,,,,,,,,,,,,,,,,,,,,,,,,,,,,,,,,,,,
Emergency Electrician Dubai,,,,,,,,Emergency Electrician Call-Outs,,,,charger,Negative Phrase,,,,,,,,,,,,,,,,,,,,,,,,,,,,,,,,,,,,,,,,,,,,,,
Emergency Electrician Dubai,,,,,,,,Emergency Electrician Call-Outs,,,,house,Negative Phrase,,,,,,,,,,,,,,,,,,,,,,,,,,,,,,,,,,,,,,,,,,,,,,
Emergency Electrician Dubai,,,,,,,,Emergency Electrician Call-Outs,,,,inspection,Negative Phrase,,,,,,,,,,,,,,,,,,,,,,,,,,,,,,,,,,,,,,,,,,,,,,
Emergency Electrician Dubai,,,,,,,,Emergency Electrician Call-Outs,,,,installation,Negative Phrase,,,,,,,,,,,,,,,,,,,,,,,,,,,,,,,,,,,,,,,,,,,,,,
Emergency Electrician Dubai,,,,,,,,Emergency Electrician Call-Outs,,,,office,Negative Phrase,,,,,,,,,,,,,,,,,,,,,,,,,,,,,,,,,,,,,,,,,,,,,,
Emergency Electrician Dubai,,,,,,,,Emergency Electrician Call-Outs,,,,preventive,Negative Phrase,,,,,,,,,,,,,,,,,,,,,,,,,,,,,,,,,,,,,,,,,,,,,,
Emergency Electrician Dubai,,,,,,,,Emergency Electrician Call-Outs,,,,required,Negative Phrase,,,,,,,,,,,,,,,,,,,,,,,,,,,,,,,,,,,,,,,,,,,,,,
Emergency Electrician Dubai,,,,,,,,Emergency Electrician Call-Outs,,,,safety,Negative Phrase,,,,,,,,,,,,,,,,,,,,,,,,,,,,,,,,,,,,,,,,,,,,,,
Emergency Electrician Dubai,,,,,,,,Emergency Electrician Call-Outs,,,,villa,Negative Phrase,,,,,,,,,,,,,,,,,,,,,,,,,,,,,,,,,,,,,,,,,,,,,,
Emergency Electrician Dubai,,,,,,,,Emergency Electrician Call-Outs,,,,work,Negative Phrase,,,,,,,,,,,,,,,,,,,,,,,,,,,,,,,,,,,,,,,,,,,,,,
Emergency Electrician Dubai,,,,,,,,General Electrician Services,Standard,Enabled,884,,,,,,,,,,,,,,,,,,,,,,,,,,,,,,,,,,,,,,,,,,,,,,,,
Emergency Electrician Dubai,,,,,,,,General Electrician Services,,,1518,electrician service dubai,Phrase,,,,,,,,,,,,,,,,,,,,,,,,,,,,,,,,,,,,,,,,,,,,,,
Emergency Electrician Dubai,,,,,,,,General Electrician Services,,,1688,electrician dubai,Phrase,,,,,,,,,,,,,,,,,,,,,,,,,,,,,,,,,,,,,,,,,,,,,,
Emergency Electrician Dubai,,,,,,,,General Electrician Services,,,884,electrical work services in dubai,Phrase,,,,,,,,,,,,,,,,,,,,,,,,,,,,,,,,,,,,,,,,,,,,,,
Emergency Electrician Dubai,,,,,,,,General Electrician Services,,,447,electrical work in dubai,Phrase,,,,,,,,,,,,,,,,,,,,,,,,,,,,,,,,,,,,,,,,,,,,,,
Emergency Electrician Dubai,,,,,,,,General Electrician Services,,,447,electrician required in dubai,Phrase,,,,,,,,,,,,,,,,,,,,,,,,,,,,,,,,,,,,,,,,,,,,,,
Emergency Electrician Dubai,,,,,,,,General Electrician Services,,,884,electrical contractors in dubai,Phrase,,,,,,,,,,,,,,,,,,,,,,,,,,,,,,,,,,,,,,,,,,,,,,
Emergency Electrician Dubai,,,,,,,,General Electrician Services,,,884,electrician dubai marina,Phrase,,,,,,,,,,,,,,,,,,,,,,,,,,,,,,,,,,,,,,,,,,,,,,
Emergency Electrician Dubai,,,,,,,,General Electrician Services,,,863,electrical repair dubai,Phrase,,,,,,,,,,,,,,,,,,,,,,,,,,,,,,,,,,,,,,,,,,,,,,
Emergency Electrician Dubai,,,,,,,,General Electrician Services,,,1017,electrical technician dubai,Phrase,,,,,,,,,,,,,,,,,,,,,,,,,,,,,,,,,,,,,,,,,,,,,,
Emergency Electrician Dubai,,,,,,,,General Electrician Services,,,884,socket installation dubai,Phrase,,,,,,,,,,,,,,,,,,,,,,,,,,,,,,,,,,,,,,,,,,,,,,
Emergency Electrician Dubai,,,,,,,,General Electrician Services,,,884,switch installation dubai price,Phrase,,,,,,,,,,,,,,,,,,,,,,,,,,,,,,,,,,,,,,,,,,,,,,
Emergency Electrician Dubai,,,,,,,,General Electrician Services,,,884,ev charger installation dubai,Phrase,,,,,,,,,,,,,,,,,,,,,,,,,,,,,,,,,,,,,,,,,,,,,,
Emergency Electrician Dubai,,,,,,,,General Electrician Services,,,884,db board repair dubai,Phrase,,,,,,,,,,,,,,,,,,,,,,,,,,,,,,,,,,,,,,,,,,,,,,
Emergency Electrician Dubai,,,,,,,,General Electrician Services,,,884,wiring installation cost dubai,Phrase,,,,,,,,,,,,,,,,,,,,,,,,,,,,,,,,,,,,,,,,,,,,,,
Emergency Electrician Dubai,,,,,,,,General Electrician Services,,,884,house wiring electrician dubai,Phrase,,,,,,,,,,,,,,,,,,,,,,,,,,,,,,,,,,,,,,,,,,,,,,
Emergency Electrician Dubai,,,,,,,,General Electrician Services,,,884,office electrician dubai,Phrase,,,,,,,,,,,,,,,,,,,,,,,,,,,,,,,,,,,,,,,,,,,,,,
Emergency Electrician Dubai,,,,,,,,General Electrician Services,,,884,electrician quote dubai,Phrase,,,,,,,,,,,,,,,,,,,,,,,,,,,,,,,,,,,,,,,,,,,,,,
Emergency Electrician Dubai,,,,,,,,General Electrician Services,,,884,hire electrician dubai,Phrase,,,,,,,,,,,,,,,,,,,,,,,,,,,,,,,,,,,,,,,,,,,,,,
Emergency Electrician Dubai,,,,,,,,General Electrician Services,,,884,villa electrician dubai,Phrase,,,,,,,,,,,,,,,,,,,,,,,,,,,,,,,,,,,,,,,,,,,,,,
Emergency Electrician Dubai,,,,,,,,General Electrician Services,,,884,best electrician dubai price,Phrase,,,,,,,,,,,,,,,,,,,,,,,,,,,,,,,,,,,,,,,,,,,,,,
Emergency Electrician Dubai,,,,,,,,General Electrician Services,,,,emergency,Negative Phrase,,,,,,,,,,,,,,,,,,,,,,,,,,,,,,,,,,,,,,,,,,,,,,
Emergency Electrician Dubai,,,,,,,,General Electrician Services,,,,24 hour,Negative Phrase,,,,,,,,,,,,,,,,,,,,,,,,,,,,,,,,,,,,,,,,,,,,,,
Emergency Electrician Dubai,,,,,,,,General Electrician Services,,,,24/7,Negative Phrase,,,,,,,,,,,,,,,,,,,,,,,,,,,,,,,,,,,,,,,,,,,,,,
Emergency Electrician Dubai,,,,,,,,General Electrician Services,,,,same day,Negative Phrase,,,,,,,,,,,,,,,,,,,,,,,,,,,,,,,,,,,,,,,,,,,,,,
Emergency Electrician Dubai,,,,,,,,General Electrician Services,,,,urgent,Negative Phrase,,,,,,,,,,,,,,,,,,,,,,,,,,,,,,,,,,,,,,,,,,,,,,
Emergency Electrician Dubai,,,,,,,,General Electrician Services,,,,maintenance contract,Negative Phrase,,,,,,,,,,,,,,,,,,,,,,,,,,,,,,,,,,,,,,,,,,,,,,
Emergency Electrician Dubai,,,,,,,,General Electrician Services,,,,amc,Negative Phrase,,,,,,,,,,,,,,,,,,,,,,,,,,,,,,,,,,,,,,,,,,,,,,
Emergency Electrician Dubai,,,,,,,,General Electrician Services,,,,annual maintenance,Negative Phrase,,,,,,,,,,,,,,,,,,,,,,,,,,,,,,,,,,,,,,,,,,,,,,
Emergency Electrician Dubai,,,,,,,,General Electrician Services,,,,24hr,Negative Phrase,,,,,,,,,,,,,,,,,,,,,,,,,,,,,,,,,,,,,,,,,,,,,,
Emergency Electrician Dubai,,,,,,,,General Electrician Services,,,,24hrs,Negative Phrase,,,,,,,,,,,,,,,,,,,,,,,,,,,,,,,,,,,,,,,,,,,,,,
Emergency Electrician Dubai,,,,,,,,General Electrician Services,,,,24x7,Negative Phrase,,,,,,,,,,,,,,,,,,,,,,,,,,,,,,,,,,,,,,,,,,,,,,
Emergency Electrician Dubai,,,,,,,,General Electrician Services,,,,annual,Negative Phrase,,,,,,,,,,,,,,,,,,,,,,,,,,,,,,,,,,,,,,,,,,,,,,
Emergency Electrician Dubai,,,,,,,,General Electrician Services,,,,area,Negative Phrase,,,,,,,,,,,,,,,,,,,,,,,,,,,,,,,,,,,,,,,,,,,,,,
Emergency Electrician Dubai,,,,,,,,General Electrician Services,,,,building,Negative Phrase,,,,,,,,,,,,,,,,,,,,,,,,,,,,,,,,,,,,,,,,,,,,,,
Emergency Electrician Dubai,,,,,,,,General Electrician Services,,,,circuit,Negative Phrase,,,,,,,,,,,,,,,,,,,,,,,,,,,,,,,,,,,,,,,,,,,,,,
Emergency Electrician Dubai,,,,,,,,General Electrician Services,,,,contract,Negative Phrase,,,,,,,,,,,,,,,,,,,,,,,,,,,,,,,,,,,,,,,,,,,,,,
Emergency Electrician Dubai,,,,,,,,General Electrician Services,,,,electricians,Negative Phrase,,,,,,,,,,,,,,,,,,,,,,,,,,,,,,,,,,,,,,,,,,,,,,
Emergency Electrician Dubai,,,,,,,,General Electrician Services,,,,fast,Negative Phrase,,,,,,,,,,,,,,,,,,,,,,,,,,,,,,,,,,,,,,,,,,,,,,
Emergency Electrician Dubai,,,,,,,,General Electrician Services,,,,hotline,Negative Phrase,,,,,,,,,,,,,,,,,,,,,,,,,,,,,,,,,,,,,,,,,,,,,,
Emergency Electrician Dubai,,,,,,,,General Electrician Services,,,,inspection,Negative Phrase,,,,,,,,,,,,,,,,,,,,,,,,,,,,,,,,,,,,,,,,,,,,,,
Emergency Electrician Dubai,,,,,,,,General Electrician Services,,,,maintenance,Negative Phrase,,,,,,,,,,,,,,,,,,,,,,,,,,,,,,,,,,,,,,,,,,,,,,
Emergency Electrician Dubai,,,,,,,,General Electrician Services,,,,open,Negative Phrase,,,,,,,,,,,,,,,,,,,,,,,,,,,,,,,,,,,,,,,,,,,,,,
Emergency Electrician Dubai,,,,,,,,General Electrician Services,,,,out,Negative Phrase,,,,,,,,,,,,,,,,,,,,,,,,,,,,,,,,,,,,,,,,,,,,,,
Emergency Electrician Dubai,,,,,,,,General Electrician Services,,,,outage,Negative Phrase,,,,,,,,,,,,,,,,,,,,,,,,,,,,,,,,,,,,,,,,,,,,,,
Emergency Electrician Dubai,,,,,,,,General Electrician Services,,,,power,Negative Phrase,,,,,,,,,,,,,,,,,,,,,,,,,,,,,,,,,,,,,,,,,,,,,,
Emergency Electrician Dubai,,,,,,,,General Electrician Services,,,,preventive,Negative Phrase,,,,,,,,,,,,,,,,,,,,,,,,,,,,,,,,,,,,,,,,,,,,,,
Emergency Electrician Dubai,,,,,,,,General Electrician Services,,,,response,Negative Phrase,,,,,,,,,,,,,,,,,,,,,,,,,,,,,,,,,,,,,,,,,,,,,,
Emergency Electrician Dubai,,,,,,,,General Electrician Services,,,,safety,Negative Phrase,,,,,,,,,,,,,,,,,,,,,,,,,,,,,,,,,,,,,,,,,,,,,,
Emergency Electrician Dubai,,,,,,,,General Electrician Services,,,,short,Negative Phrase,,,,,,,,,,,,,,,,,,,,,,,,,,,,,,,,,,,,,,,,,,,,,,
Emergency Electrician Dubai,,,,,,,,General Electrician Services,,,,weekend,Negative Phrase,,,,,,,,,,,,,,,,,,,,,,,,,,,,,,,,,,,,,,,,,,,,,,
Emergency Electrician Dubai,,,,,,,,Electrical Maintenance Contracts,Standard,Enabled,1161,,,,,,,,,,,,,,,,,,,,,,,,,,,,,,,,,,,,,,,,,,,,,,,,
Emergency Electrician Dubai,,,,,,,,Electrical Maintenance Contracts,,,1161,electrical maintenance dubai,Phrase,,,,,,,,,,,,,,,,,,,,,,,,,,,,,,,,,,,,,,,,,,,,,,
Emergency Electrician Dubai,,,,,,,,Electrical Maintenance Contracts,,,1161,electrical maintenance company in dubai,Phrase,,,,,,,,,,,,,,,,,,,,,,,,,,,,,,,,,,,,,,,,,,,,,,
Emergency Electrician Dubai,,,,,,,,Electrical Maintenance Contracts,,,1161,annual electrical maintenance contract dubai,Phrase,,,,,,,,,,,,,,,,,,,,,,,,,,,,,,,,,,,,,,,,,,,,,,
Emergency Electrician Dubai,,,,,,,,Electrical Maintenance Contracts,,,1161,electrical maintenance company near me dubai,Phrase,,,,,,,,,,,,,,,,,,,,,,,,,,,,,,,,,,,,,,,,,,,,,,
Emergency Electrician Dubai,,,,,,,,Electrical Maintenance Contracts,,,1161,amc electrical services dubai,Phrase,,,,,,,,,,,,,,,,,,,,,,,,,,,,,,,,,,,,,,,,,,,,,,
Emergency Electrician Dubai,,,,,,,,Electrical Maintenance Contracts,,,1161,building electrical maintenance dubai,Phrase,,,,,,,,,,,,,,,,,,,,,,,,,,,,,,,,,,,,,,,,,,,,,,
Emergency Electrician Dubai,,,,,,,,Electrical Maintenance Contracts,,,1161,electrical safety inspection dubai,Phrase,,,,,,,,,,,,,,,,,,,,,,,,,,,,,,,,,,,,,,,,,,,,,,
Emergency Electrician Dubai,,,,,,,,Electrical Maintenance Contracts,,,1161,preventive electrical maintenance dubai,Phrase,,,,,,,,,,,,,,,,,,,,,,,,,,,,,,,,,,,,,,,,,,,,,,
Emergency Electrician Dubai,,,,,,,,Electrical Maintenance Contracts,,,,emergency,Negative Phrase,,,,,,,,,,,,,,,,,,,,,,,,,,,,,,,,,,,,,,,,,,,,,,
Emergency Electrician Dubai,,,,,,,,Electrical Maintenance Contracts,,,,urgent,Negative Phrase,,,,,,,,,,,,,,,,,,,,,,,,,,,,,,,,,,,,,,,,,,,,,,
Emergency Electrician Dubai,,,,,,,,Electrical Maintenance Contracts,,,,24 hour,Negative Phrase,,,,,,,,,,,,,,,,,,,,,,,,,,,,,,,,,,,,,,,,,,,,,,
Emergency Electrician Dubai,,,,,,,,Electrical Maintenance Contracts,,,,same day,Negative Phrase,,,,,,,,,,,,,,,,,,,,,,,,,,,,,,,,,,,,,,,,,,,,,,
Emergency Electrician Dubai,,,,,,,,Electrical Maintenance Contracts,,,,socket,Negative Phrase,,,,,,,,,,,,,,,,,,,,,,,,,,,,,,,,,,,,,,,,,,,,,,
Emergency Electrician Dubai,,,,,,,,Electrical Maintenance Contracts,,,,switch,Negative Phrase,,,,,,,,,,,,,,,,,,,,,,,,,,,,,,,,,,,,,,,,,,,,,,
Emergency Electrician Dubai,,,,,,,,Electrical Maintenance Contracts,,,,ev charger,Negative Phrase,,,,,,,,,,,,,,,,,,,,,,,,,,,,,,,,,,,,,,,,,,,,,,
Emergency Electrician Dubai,,,,,,,,Electrical Maintenance Contracts,,,,wiring,Negative Phrase,,,,,,,,,,,,,,,,,,,,,,,,,,,,,,,,,,,,,,,,,,,,,,
Emergency Electrician Dubai,,,,,,,,Electrical Maintenance Contracts,,,,repair only,Negative Phrase,,,,,,,,,,,,,,,,,,,,,,,,,,,,,,,,,,,,,,,,,,,,,,
Emergency Electrician Dubai,,,,,,,,Electrical Maintenance Contracts,,,,24hr,Negative Phrase,,,,,,,,,,,,,,,,,,,,,,,,,,,,,,,,,,,,,,,,,,,,,,
Emergency Electrician Dubai,,,,,,,,Electrical Maintenance Contracts,,,,24hrs,Negative Phrase,,,,,,,,,,,,,,,,,,,,,,,,,,,,,,,,,,,,,,,,,,,,,,
Emergency Electrician Dubai,,,,,,,,Electrical Maintenance Contracts,,,,24x7,Negative Phrase,,,,,,,,,,,,,,,,,,,,,,,,,,,,,,,,,,,,,,,,,,,,,,
Emergency Electrician Dubai,,,,,,,,Electrical Maintenance Contracts,,,,area,Negative Phrase,,,,,,,,,,,,,,,,,,,,,,,,,,,,,,,,,,,,,,,,,,,,,,
Emergency Electrician Dubai,,,,,,,,Electrical Maintenance Contracts,,,,board,Negative Phrase,,,,,,,,,,,,,,,,,,,,,,,,,,,,,,,,,,,,,,,,,,,,,,
Emergency Electrician Dubai,,,,,,,,Electrical Maintenance Contracts,,,,charger,Negative Phrase,,,,,,,,,,,,,,,,,,,,,,,,,,,,,,,,,,,,,,,,,,,,,,
Emergency Electrician Dubai,,,,,,,,Electrical Maintenance Contracts,,,,circuit,Negative Phrase,,,,,,,,,,,,,,,,,,,,,,,,,,,,,,,,,,,,,,,,,,,,,,
Emergency Electrician Dubai,,,,,,,,Electrical Maintenance Contracts,,,,contractors,Negative Phrase,,,,,,,,,,,,,,,,,,,,,,,,,,,,,,,,,,,,,,,,,,,,,,
Emergency Electrician Dubai,,,,,,,,Electrical Maintenance Contracts,,,,electricians,Negative Phrase,,,,,,,,,,,,,,,,,,,,,,,,,,,,,,,,,,,,,,,,,,,,,,
Emergency Electrician Dubai,,,,,,,,Electrical Maintenance Contracts,,,,fast,Negative Phrase,,,,,,,,,,,,,,,,,,,,,,,,,,,,,,,,,,,,,,,,,,,,,,
Emergency Electrician Dubai,,,,,,,,Electrical Maintenance Contracts,,,,hotline,Negative Phrase,,,,,,,,,,,,,,,,,,,,,,,,,,,,,,,,,,,,,,,,,,,,,,
Emergency Electrician Dubai,,,,,,,,Electrical Maintenance Contracts,,,,house,Negative Phrase,,,,,,,,,,,,,,,,,,,,,,,,,,,,,,,,,,,,,,,,,,,,,,
Emergency Electrician Dubai,,,,,,,,Electrical Maintenance Contracts,,,,installation,Negative Phrase,,,,,,,,,,,,,,,,,,,,,,,,,,,,,,,,,,,,,,,,,,,,,,
Emergency Electrician Dubai,,,,,,,,Electrical Maintenance Contracts,,,,office,Negative Phrase,,,,,,,,,,,,,,,,,,,,,,,,,,,,,,,,,,,,,,,,,,,,,,
Emergency Electrician Dubai,,,,,,,,Electrical Maintenance Contracts,,,,open,Negative Phrase,,,,,,,,,,,,,,,,,,,,,,,,,,,,,,,,,,,,,,,,,,,,,,
Emergency Electrician Dubai,,,,,,,,Electrical Maintenance Contracts,,,,out,Negative Phrase,,,,,,,,,,,,,,,,,,,,,,,,,,,,,,,,,,,,,,,,,,,,,,
Emergency Electrician Dubai,,,,,,,,Electrical Maintenance Contracts,,,,outage,Negative Phrase,,,,,,,,,,,,,,,,,,,,,,,,,,,,,,,,,,,,,,,,,,,,,,
Emergency Electrician Dubai,,,,,,,,Electrical Maintenance Contracts,,,,power,Negative Phrase,,,,,,,,,,,,,,,,,,,,,,,,,,,,,,,,,,,,,,,,,,,,,,
Emergency Electrician Dubai,,,,,,,,Electrical Maintenance Contracts,,,,required,Negative Phrase,,,,,,,,,,,,,,,,,,,,,,,,,,,,,,,,,,,,,,,,,,,,,,
Emergency Electrician Dubai,,,,,,,,Electrical Maintenance Contracts,,,,response,Negative Phrase,,,,,,,,,,,,,,,,,,,,,,,,,,,,,,,,,,,,,,,,,,,,,,
Emergency Electrician Dubai,,,,,,,,Electrical Maintenance Contracts,,,,short,Negative Phrase,,,,,,,,,,,,,,,,,,,,,,,,,,,,,,,,,,,,,,,,,,,,,,
Emergency Electrician Dubai,,,,,,,,Electrical Maintenance Contracts,,,,technician,Negative Phrase,,,,,,,,,,,,,,,,,,,,,,,,,,,,,,,,,,,,,,,,,,,,,,
Emergency Electrician Dubai,,,,,,,,Electrical Maintenance Contracts,,,,villa,Negative Phrase,,,,,,,,,,,,,,,,,,,,,,,,,,,,,,,,,,,,,,,,,,,,,,
Emergency Electrician Dubai,,,,,,,,Electrical Maintenance Contracts,,,,weekend,Negative Phrase,,,,,,,,,,,,,,,,,,,,,,,,,,,,,,,,,,,,,,,,,,,,,,
Emergency Electrician Dubai,,,,,,,,Electrical Maintenance Contracts,,,,work,Negative Phrase,,,,,,,,,,,,,,,,,,,,,,,,,,,,,,,,,,,,,,,,,,,,,,
Emergency Electrician Dubai,,,,,,,,Emergency Electrician Call-Outs,,,,,,,,,,,,Responsive search ad,Emergency Electrician Dubai,1,Emergency Electrician Near Me,1,24 7 Emergency Electrician,1,Same Day Electrician Near Me,,24 Hour Electrical Service,,Power Restored Same Day,,Fault Fixed On First Visit,,Lights Back On Tonight,,Get Same Day Electrician,3,Book Urgent Call Out Now,,Request Fast Response Now,,Available Around The Clock,,Rated By Dubai Homeowners,,Upfront Pricing Before Work,,Transparent Callout Rates,,"Emergency electrician in Dubai for faults and outages, call today.","We fix short circuits and Db board faults, usually in one visit.","Upfront pricing before any work starts, no surprise call out fees.","Available nights and weekends across Dubai, trusted by homeowners.",emergency-dubai,electrician,https://electricianneardubai.com/emergency-electrician-dubai/,Enabled,
Emergency Electrician Dubai,,,,,,,,General Electrician Services,,,,,,,,,,,,Responsive search ad,Electrician Dubai Near You,1,Electrician Service Dubai,1,Electrical Work In Dubai,1,Electrical Contractors Dubai,,Electrician Dubai Marina,,Sockets And Switches Fixed,,Wiring Fixed In One Visit,,Power Restored Same Day,,Get Your Free Quote Today,3,Book Same Day Electrician,,Request A Callback Now,,Db Board Repair Experts,,Licensed Electricians Dubai,,Ev Charger Installation Dubai,,Fair Switch Install Pricing,,"Electrician service in Dubai for wiring, sockets and repairs. Get a free quote today.","Licensed technicians handle Db boards, Ev chargers and rewiring, not just quick fixes.","Upfront pricing before we start, so there are no surprise charges after the job.","Same day electricians across Dubai, trusted by homes and offices for years.",electrician,services,https://electricianneardubai.com/electrician-services-dubai/,Enabled,
Emergency Electrician Dubai,,,,,,,,Electrical Maintenance Contracts,,,,,,,,,,,,Responsive search ad,Electrical Maintenance Dubai,1,Electrical Maintenance Company,1,Amc Electrical Services Dubai,1,Building Electrical Care,,Electrical Safety Inspection,,Avoid Costly Downtime,,Keep Your Building Powered,,Reduce Fire Risk Onsite,,Get A Free Site Inspection,3,Book Your Amc Plan Today,,Request Your Maintenance Quote,,Rated By Dubai Facility Teams,,One Contract Covers All Faults,,Building Electrical,,Annual Electrical Maintenance,,Electrical maintenance company in Dubai keeping buildings safe and compliant.,Annual electrical maintenance contracts with priority callout response times.,"No hidden costs, free safety inspection included before any contract starts.",Trusted by property managers across Dubai for reliable amc electrical care.,electrical,maintenance,https://electricianneardubai.com/electrical-maintenance-contracts-dubai/,Enabled,
Emergency Electrician Dubai,,,,,,,,,,,,,,1000013,"Dubai,Dubai,United Arab Emirates",,,,,,,,,,,,,,,,,,,,,,,,,,,,,,,,,,,,,,,,,,,,
Emergency Electrician Dubai,,,,,,,,,,,,,,9041083,"Dubai,United Arab Emirates",,,,,,,,,,,,,,,,,,,,,,,,,,,,,,,,,,,,,,,,,,,,
Emergency Electrician Dubai,,,,,,,,,,,,,,9070456,"Palm Islands,Dubai,United Arab Emirates",25,,,,,,,,,,,,,,,,,,,,,,,,,,,,,,,,,,,,,,,,,,,
Emergency Electrician Dubai,,,,,,,,,,,,,,9189230,"Jabal Ali Second,Dubai,United Arab Emirates",-90,,,,,,,,,,,,,,,,,,,,,,,,,,,,,,,,,,,,,,,,,,,
Emergency Electrician Dubai,,,,,,,,,,,,,,9189519,"Dubai Sports City,Dubai,United Arab Emirates",,,,,,,,,,,,,,,,,,,,,,,,,,,,,,,,,,,,,,,,,,,,
Emergency Electrician Dubai,,,,,,,,,,,,,,9189585,"Al Quoz Industrial Area 4,Dubai,United Arab Emirates",-90,,,,,,,,,,,,,,,,,,,,,,,,,,,,,,,,,,,,,,,,,,,
Emergency Electrician Dubai,,,,,,,,,,,,,,9189674,"Dubai Production City,Dubai,United Arab Emirates",,,,,,,,,,,,,,,,,,,,,,,,,,,,,,,,,,,,,,,,,,,,
Emergency Electrician Dubai,,,,,,,,,,,,,,9189772,"Dubai Creek Harbour,Dubai,United Arab Emirates",25,,,,,,,,,,,,,,,,,,,,,,,,,,,,,,,,,,,,,,,,,,,
Emergency Electrician Dubai,,,,,,,,,,,,,,9190056,"Nadd Al Hamar,Dubai,United Arab Emirates",,,,,,,,,,,,,,,,,,,,,,,,,,,,,,,,,,,,,,,,,,,,
Emergency Electrician Dubai,,,,,,,,,,,,,,9190079,"Dubai Investment Park - 2,Dubai,United Arab Emirates",-90,,,,,,,,,,,,,,,,,,,,,,,,,,,,,,,,,,,,,,,,,,,
Emergency Electrician Dubai,,,,,,,,,,,,,,9190096,"Al Barsha 2,Dubai,United Arab Emirates",25,,,,,,,,,,,,,,,,,,,,,,,,,,,,,,,,,,,,,,,,,,,
Emergency Electrician Dubai,,,,,,,,,,,,,,9190172,"Al Sufouh 1,Dubai,United Arab Emirates",25,,,,,,,,,,,,,,,,,,,,,,,,,,,,,,,,,,,,,,,,,,,
Emergency Electrician Dubai,,,,,,,,,,,,,,9190191,"Jumeirah Park,Dubai,United Arab Emirates",25,,,,,,,,,,,,,,,,,,,,,,,,,,,,,,,,,,,,,,,,,,,
Emergency Electrician Dubai,,,,,,,,,,,,,,9190340,"Damac Hills,Dubai,United Arab Emirates",25,,,,,,,,,,,,,,,,,,,,,,,,,,,,,,,,,,,,,,,,,,,
Emergency Electrician Dubai,,,,,,,,,,,,,,9190838,"Dubai Investment Park First,Dubai,United Arab Emirates",-90,,,,,,,,,,,,,,,,,,,,,,,,,,,,,,,,,,,,,,,,,,,
Emergency Electrician Dubai,,,,,,,,,,,,,,9190853,"International City Phase(2),Dubai,United Arab Emirates",-90,,,,,,,,,,,,,,,,,,,,,,,,,,,,,,,,,,,,,,,,,,,
Emergency Electrician Dubai,,,,,,,,,,,,,,9190877,"Al Twar,Dubai,United Arab Emirates",,,,,,,,,,,,,,,,,,,,,,,,,,,,,,,,,,,,,,,,,,,,
Emergency Electrician Dubai,,,,,,,,,,,,,,9191291,"Ras Al Khor Industrial Area 3,Dubai,United Arab Emirates",-90,,,,,,,,,,,,,,,,,,,,,,,,,,,,,,,,,,,,,,,,,,,
Emergency Electrician Dubai,,,,,,,,,,,,,,9191366,"Al Warqa 3,Dubai,United Arab Emirates",,,,,,,,,,,,,,,,,,,,,,,,,,,,,,,,,,,,,,,,,,,,
Emergency Electrician Dubai,,,,,,,,,,,,,,9191386,"Al Safa,Dubai,United Arab Emirates",25,,,,,,,,,,,,,,,,,,,,,,,,,,,,,,,,,,,,,,,,,,,
Emergency Electrician Dubai,,,,,,,,,,,,,,9191435,"Dubai Festival City,Dubai,United Arab Emirates",,,,,,,,,,,,,,,,,,,,,,,,,,,,,,,,,,,,,,,,,,,,
Emergency Electrician Dubai,,,,,,,,,,,,,,9191492,"The Villa,Dubai,United Arab Emirates",25,,,,,,,,,,,,,,,,,,,,,,,,,,,,,,,,,,,,,,,,,,,
Emergency Electrician Dubai,,,,,,,,,,,,,,9191736,"Jabal Ali Industrial Second,Dubai,United Arab Emirates",-90,,,,,,,,,,,,,,,,,,,,,,,,,,,,,,,,,,,,,,,,,,,
Emergency Electrician Dubai,,,,,,,,,,,,,,9191938,"Mudon,Dubai,United Arab Emirates",,,,,,,,,,,,,,,,,,,,,,,,,,,,,,,,,,,,,,,,,,,,
Emergency Electrician Dubai,,,,,,,,,,,,,,9191960,"Green Community Village,Dubai,United Arab Emirates",25,,,,,,,,,,,,,,,,,,,,,,,,,,,,,,,,,,,,,,,,,,,
Emergency Electrician Dubai,,,,,,,,,,,,,,9192184,"Dubai Industrial City,Dubai,United Arab Emirates",-90,,,,,,,,,,,,,,,,,,,,,,,,,,,,,,,,,,,,,,,,,,,
Emergency Electrician Dubai,,,,,,,,,,,,,,9193142,"Academic City,Dubai,United Arab Emirates",,,,,,,,,,,,,,,,,,,,,,,,,,,,,,,,,,,,,,,,,,,,
Emergency Electrician Dubai,,,,,,,,,,,,,,9193233,"Jebel Ali Freezone,Dubai,United Arab Emirates",-90,,,,,,,,,,,,,,,,,,,,,,,,,,,,,,,,,,,,,,,,,,,
Emergency Electrician Dubai,,,,,,,,,,,,,,9193316,"Arabian Ranches,Dubai,United Arab Emirates",25,,,,,,,,,,,,,,,,,,,,,,,,,,,,,,,,,,,,,,,,,,,
Emergency Electrician Dubai,,,,,,,,,,,,,,9193322,"Al Quoz 1,Dubai,United Arab Emirates",-90,,,,,,,,,,,,,,,,,,,,,,,,,,,,,,,,,,,,,,,,,,,
Emergency Electrician Dubai,,,,,,,,,,,,,,9193826,"Motor City,Dubai,United Arab Emirates",,,,,,,,,,,,,,,,,,,,,,,,,,,,,,,,,,,,,,,,,,,,
Emergency Electrician Dubai,,,,,,,,,,,,,,9193946,"Front,Dubai,United Arab Emirates",,,,,,,,,,,,,,,,,,,,,,,,,,,,,,,,,,,,,,,,,,,,
Emergency Electrician Dubai,,,,,,,,,,,,,,9194132,"Za'abeel 2,Dubai,United Arab Emirates",,,,,,,,,,,,,,,,,,,,,,,,,,,,,,,,,,,,,,,,,,,,
Emergency Electrician Dubai,,,,,,,,,,,,,,9194381,"Nad Al Sheba 1,Dubai,United Arab Emirates",25,,,,,,,,,,,,,,,,,,,,,,,,,,,,,,,,,,,,,,,,,,,
Emergency Electrician Dubai,,,,,,,,,,,,,,9194396,"Al Barsha 3,Dubai,United Arab Emirates",,,,,,,,,,,,,,,,,,,,,,,,,,,,,,,,,,,,,,,,,,,,
Emergency Electrician Dubai,,,,,,,,,,,,,,9195239,"Al Khawaneej 1,Dubai,United Arab Emirates",,,,,,,,,,,,,,,,,,,,,,,,,,,,,,,,,,,,,,,,,,,,
Emergency Electrician Dubai,,,,,,,,,,,,,,9195242,"Al Rashidiya,Dubai,United Arab Emirates",,,,,,,,,,,,,,,,,,,,,,,,,,,,,,,,,,,,,,,,,,,,
Emergency Electrician Dubai,,,,,,,,,,,,,,9197694,"Dubai Marina,Dubai,United Arab Emirates",25,,,,,,,,,,,,,,,,,,,,,,,,,,,,,,,,,,,,,,,,,,,
Emergency Electrician Dubai,,,,,,,,,,,,,,9197736,"Jumeirah,Dubai,United Arab Emirates",25,,,,,,,,,,,,,,,,,,,,,,,,,,,,,,,,,,,,,,,,,,,
Emergency Electrician Dubai,,,,,,,,,,,,,,9197746,"Al Quoz,Dubai,United Arab Emirates",-90,,,,,,,,,,,,,,,,,,,,,,,,,,,,,,,,,,,,,,,,,,,
Emergency Electrician Dubai,,,,,,,,,,,,,,9197761,"Al Wasl,Dubai,United Arab Emirates",25,,,,,,,,,,,,,,,,,,,,,,,,,,,,,,,,,,,,,,,,,,,
Emergency Electrician Dubai,,,,,,,,,,,,,,9197790,"Al Nahda,Dubai,United Arab Emirates",,,,,,,,,,,,,,,,,,,,,,,,,,,,,,,,,,,,,,,,,,,,
Emergency Electrician Dubai,,,,,,,,,,,,,,9197916,"Dubai Silicon Oasis,Dubai,United Arab Emirates",,,,,,,,,,,,,,,,,,,,,,,,,,,,,,,,,,,,,,,,,,,,
Emergency Electrician Dubai,,,,,,,,,,,,,,9197967,"Mirdif,Dubai,United Arab Emirates",,,,,,,,,,,,,,,,,,,,,,,,,,,,,,,,,,,,,,,,,,,,
Emergency Electrician Dubai,,,,,,,,,,,,,,9198043,"Za'abeel,Dubai,United Arab Emirates",,,,,,,,,,,,,,,,,,,,,,,,,,,,,,,,,,,,,,,,,,,,
Emergency Electrician Dubai,,,,,,,,,,,,,,9198106,"Al Quoz Industrial Area 3,Dubai,United Arab Emirates",-90,,,,,,,,,,,,,,,,,,,,,,,,,,,,,,,,,,,,,,,,,,,
Emergency Electrician Dubai,,,,,,,,,,,,,,9198189,"Umm Suqeim,Dubai,United Arab Emirates",25,,,,,,,,,,,,,,,,,,,,,,,,,,,,,,,,,,,,,,,,,,,
Emergency Electrician Dubai,,,,,,,,,,,,,,9198260,"Dubai International City,Dubai,United Arab Emirates",-90,,,,,,,,,,,,,,,,,,,,,,,,,,,,,,,,,,,,,,,,,,,
Emergency Electrician Dubai,,,,,,,,,,,,,,9198338,"Jumeirah Village Circle,Dubai,United Arab Emirates",,,,,,,,,,,,,,,,,,,,,,,,,,,,,,,,,,,,,,,,,,,,
Emergency Electrician Dubai,,,,,,,,,,,,,,9198341,"Al Sufouh 2,Dubai,United Arab Emirates",25,,,,,,,,,,,,,,,,,,,,,,,,,,,,,,,,,,,,,,,,,,,
Emergency Electrician Dubai,,,,,,,,,,,,,,9198427,"Business Bay,Dubai,United Arab Emirates",25,,,,,,,,,,,,,,,,,,,,,,,,,,,,,,,,,,,,,,,,,,,
Emergency Electrician Dubai,,,,,,,,,,,,,,9198452,"Jumeirah 1,Dubai,United Arab Emirates",25,,,,,,,,,,,,,,,,,,,,,,,,,,,,,,,,,,,,,,,,,,,
Emergency Electrician Dubai,,,,,,,,,,,,,,9198549,"Jebel Ali Village,Dubai,United Arab Emirates",,,,,,,,,,,,,,,,,,,,,,,,,,,,,,,,,,,,,,,,,,,,
Emergency Electrician Dubai,,,,,,,,,,,,,,9198556,"Umm Hurair Second,Dubai,United Arab Emirates",,,,,,,,,,,,,,,,,,,,,,,,,,,,,,,,,,,,,,,,,,,,
Emergency Electrician Dubai,,,,,,,,,,,,,,9198642,"Al Garhoud,Dubai,United Arab Emirates",,,,,,,,,,,,,,,,,,,,,,,,,,,,,,,,,,,,,,,,,,,,
Emergency Electrician Dubai,,,,,,,,,,,,,,9198744,"Nad Al Sheba,Dubai,United Arab Emirates",25,,,,,,,,,,,,,,,,,,,,,,,,,,,,,,,,,,,,,,,,,,,
Emergency Electrician Dubai,,,,,,,,,,,,,,9198768,"Al Qusais 1,Dubai,United Arab Emirates",,,,,,,,,,,,,,,,,,,,,,,,,,,,,,,,,,,,,,,,,,,,
Emergency Electrician Dubai,,,,,,,,,,,,,,9198848,"Al Qusais,Dubai,United Arab Emirates",,,,,,,,,,,,,,,,,,,,,,,,,,,,,,,,,,,,,,,,,,,,
Emergency Electrician Dubai,,,,,,,,,,,,,,9199034,"Al Barsha 1,Dubai,United Arab Emirates",,,,,,,,,,,,,,,,,,,,,,,,,,,,,,,,,,,,,,,,,,,,
Emergency Electrician Dubai,,,,,,,,,,,,,,9199074,"Al Quoz Industrial Area 2,Dubai,United Arab Emirates",-90,,,,,,,,,,,,,,,,,,,,,,,,,,,,,,,,,,,,,,,,,,,
Emergency Electrician Dubai,,,,,,,,,,,,,,9199106,"Jumeirah Village,Dubai,United Arab Emirates",,,,,,,,,,,,,,,,,,,,,,,,,,,,,,,,,,,,,,,,,,,,
Emergency Electrician Dubai,,,,,,,,,,,,,,9199180,"Muhaisanah 2,Dubai,United Arab Emirates",-90,,,,,,,,,,,,,,,,,,,,,,,,,,,,,,,,,,,,,,,,,,,
Emergency Electrician Dubai,,,,,,,,,,,,,,9207195,"Al Khawaneej 2,Dubai,United Arab Emirates",,,,,,,,,,,,,,,,,,,,,,,,,,,,,,,,,,,,,,,,,,,,
Emergency Electrician Dubai,,,,,,,,,,,,,,9207873,"Jumeirah Golf Estates,Dubai,United Arab Emirates",25,,,,,,,,,,,,,,,,,,,,,,,,,,,,,,,,,,,,,,,,,,,
Emergency Electrician Dubai,,,,,,,,,,,,,,9208097,"Al Warqa 2,Dubai,United Arab Emirates",,,,,,,,,,,,,,,,,,,,,,,,,,,,,,,,,,,,,,,,,,,,
Emergency Electrician Dubai,,,,,,,,,,,,,,9208485,"Nad Al Sheba 3,Dubai,United Arab Emirates",,,,,,,,,,,,,,,,,,,,,,,,,,,,,,,,,,,,,,,,,,,,
Emergency Electrician Dubai,,,,,,,,,,,,,,9209088,"Ghadeer Al Tair,Dubai,United Arab Emirates",,,,,,,,,,,,,,,,,,,,,,,,,,,,,,,,,,,,,,,,,,,,
Emergency Electrician Dubai,,,,,,,,,,,,,,9210267,"Za'abeel 1,Dubai,United Arab Emirates",,,,,,,,,,,,,,,,,,,,,,,,,,,,,,,,,,,,,,,,,,,,
Emergency Electrician Dubai,,,,,,,,,,,,,,9210563,"Al Mizhar 1,Dubai,United Arab Emirates",,,,,,,,,,,,,,,,,,,,,,,,,,,,,,,,,,,,,,,,,,,,
Emergency Electrician Dubai,,,,,,,,,,,,,,9210710,"Dubai South,Dubai,United Arab Emirates",,,,,,,,,,,,,,,,,,,,,,,,,,,,,,,,,,,,,,,,,,,,
Emergency Electrician Dubai,,,,,,,,,,,,,,9210992,"Nad Al Sheba 4,Dubai,United Arab Emirates",,,,,,,,,,,,,,,,,,,,,,,,,,,,,,,,,,,,,,,,,,,,
Emergency Electrician Dubai,,,,,,,,,,,,,,9211089,"Muhaisnah 1,Dubai,United Arab Emirates",-90,,,,,,,,,,,,,,,,,,,,,,,,,,,,,,,,,,,,,,,,,,,
Emergency Electrician Dubai,,,,,,,,,,,,,,9211286,"Dubai Festival City,Dubai Festival City,Dubai,United Arab Emirates",,,,,,,,,,,,,,,,,,,,,,,,,,,,,,,,,,,,,,,,,,,,
Emergency Electrician Dubai,,,,,,,,,,,,,,9212181,"Golf City,Dubai,United Arab Emirates",,,,,,,,,,,,,,,,,,,,,,,,,,,,,,,,,,,,,,,,,,,,
Emergency Electrician Dubai,,,,,,,,,,,,,,9212312,"Hatta,Dubai,United Arab Emirates",-90,,,,,,,,,,,,,,,,,,,,,,,,,,,,,,,,,,,,,,,,,,,
Emergency Electrician Dubai,,,,,,,,,,,,,,9213022,"Al Mamzar,Dubai,United Arab Emirates",,,,,,,,,,,,,,,,,,,,,,,,,,,,,,,,,,,,,,,,,,,,
Emergency Electrician Dubai,,,,,,,,,,,,,,9213058,"Falconcity of Wonders,Dubai,United Arab Emirates",,,,,,,,,,,,,,,,,,,,,,,,,,,,,,,,,,,,,,,,,,,,
Emergency Electrician Dubai,,,,,,,,,,,,,,9213270,"Port Rashid,Dubai,United Arab Emirates",,,,,,,,,,,,,,,,,,,,,,,,,,,,,,,,,,,,,,,,,,,,
Emergency Electrician Dubai,,,,,,,,,,,,,,9213423,"Ras Al Khor Industrial Area 2,Dubai,United Arab Emirates",-90,,,,,,,,,,,,,,,,,,,,,,,,,,,,,,,,,,,,,,,,,,,
Emergency Electrician Dubai,,,,,,,,,,,,,,9213612,"Nad Al Sheba 2,Dubai,United Arab Emirates",,,,,,,,,,,,,,,,,,,,,,,,,,,,,,,,,,,,,,,,,,,,
Emergency Electrician Dubai,,,,,,,,,,,,,,9213907,"Jumeirah 2,Dubai,United Arab Emirates",25,,,,,,,,,,,,,,,,,,,,,,,,,,,,,,,,,,,,,,,,,,,
Emergency Electrician Dubai,,,,,,,,,,,,,,9215461,"Umm Ramool,Dubai,United Arab Emirates",,,,,,,,,,,,,,,,,,,,,,,,,,,,,,,,,,,,,,,,,,,,
Emergency Electrician Dubai,,,,,,,,,,,,,,9216103,"Warsan 3,Dubai,United Arab Emirates",-90,,,,,,,,,,,,,,,,,,,,,,,,,,,,,,,,,,,,,,,,,,,
Emergency Electrician Dubai,,,,,,,,,,,,,,9216199,"DAMAC Hills,Dubai,United Arab Emirates",25,,,,,,,,,,,,,,,,,,,,,,,,,,,,,,,,,,,,,,,,,,,
Emergency Electrician Dubai,,,,,,,,,,,,,,9216363,"Warsan 2,Dubai,United Arab Emirates",-90,,,,,,,,,,,,,,,,,,,,,,,,,,,,,,,,,,,,,,,,,,,
Emergency Electrician Dubai,,,,,,,,,,,,,,9216394,"Jabal Ali Third,Dubai,United Arab Emirates",-90,,,,,,,,,,,,,,,,,,,,,,,,,,,,,,,,,,,,,,,,,,,
Emergency Electrician Dubai,,,,,,,,,,,,,,9216541,"National Industries Park,Dubai,United Arab Emirates",-90,,,,,,,,,,,,,,,,,,,,,,,,,,,,,,,,,,,,,,,,,,,
Emergency Electrician Dubai,,,,,,,,,,,,,,9217137,"Al Warqa,Dubai,United Arab Emirates",,,,,,,,,,,,,,,,,,,,,,,,,,,,,,,,,,,,,,,,,,,,
Emergency Electrician Dubai,,,,,,,,,,,,,,9219995,"Muhaisnah,Dubai,United Arab Emirates",-90,,,,,,,,,,,,,,,,,,,,,,,,,,,,,,,,,,,,,,,,,,,
Emergency Electrician Dubai,,,,,,,,,,,,,,9220064,"Emirates Hills,Dubai,United Arab Emirates",25,,,,,,,,,,,,,,,,,,,,,,,,,,,,,,,,,,,,,,,,,,,
Emergency Electrician Dubai,,,,,,,,,,,,,,9220208,"Al Warqa 4,Dubai,United Arab Emirates",,,,,,,,,,,,,,,,,,,,,,,,,,,,,,,,,,,,,,,,,,,,
Emergency Electrician Dubai,,,,,,,,,,,,,,9220406,"Al Khawaneej 2,Dubai,United Arab Emirates",,,,,,,,,,,,,,,,,,,,,,,,,,,,,,,,,,,,,,,,,,,,
Emergency Electrician Dubai,,,,,,,,,,,,,,9220858,"Al Warqa 5,Dubai,United Arab Emirates",,,,,,,,,,,,,,,,,,,,,,,,,,,,,,,,,,,,,,,,,,,,
Emergency Electrician Dubai,,,,,,,,,,,,,,9221300,"Al Mizhar 2,Dubai,United Arab Emirates",,,,,,,,,,,,,,,,,,,,,,,,,,,,,,,,,,,,,,,,,,,,
Emergency Electrician Dubai,,,,,,,,,,,,,,9221618,"Oud Al Muteena,Dubai,United Arab Emirates",,,,,,,,,,,,,,,,,,,,,,,,,,,,,,,,,,,,,,,,,,,,
Emergency Electrician Dubai,,,,,,,,,,,,,,9226611,"Wadi Alamardi,Dubai,United Arab Emirates",-90,,,,,,,,,,,,,,,,,,,,,,,,,,,,,,,,,,,,,,,,,,,
Emergency Electrician Dubai,,,,,,,,,,,,,,9228758,"World Islands,Dubai,United Arab Emirates",25,,,,,,,,,,,,,,,,,,,,,,,,,,,,,,,,,,,,,,,,,,,
Emergency Electrician Dubai,,,,,,,,,,,,,,9231956,"Al Khawaneej,Dubai,United Arab Emirates",,,,,,,,,,,,,,,,,,,,,,,,,,,,,,,,,,,,,,,,,,,,
Emergency Electrician Dubai,,,,,,,,,,,,,,9235391,"Al Barsha South,Dubai,United Arab Emirates",,,,,,,,,,,,,,,,,,,,,,,,,,,,,,,,,,,,,,,,,,,,
Emergency Electrician Dubai,,,,,,,,,,,,,,9236941,"Madinat Hind 3,Dubai,United Arab Emirates",-90,,,,,,,,,,,,,,,,,,,,,,,,,,,,,,,,,,,,,,,,,,,
Emergency Electrician Dubai,,,,,,,,,,,,,,9237786,"Madinat Hind 4,Dubai,United Arab Emirates",-90,,,,,,,,,,,,,,,,,,,,,,,,,,,,,,,,,,,,,,,,,,,
Emergency Electrician Dubai,,,,,,,,,,,,,,9240479,"Madinat Dubai Al Melaheyah,Dubai,United Arab Emirates",-90,,,,,,,,,,,,,,,,,,,,,,,,,,,,,,,,,,,,,,,,,,,
Emergency Electrician Dubai,,,,,,,,,,,,,,9251453,"Madinat Hind 1,Dubai,United Arab Emirates",-90,,,,,,,,,,,,,,,,,,,,,,,,,,,,,,,,,,,,,,,,,,,
Emergency Electrician Dubai,,,,,,,,,,,,,,9252263,"Al Aweer,Dubai,United Arab Emirates",-90,,,,,,,,,,,,,,,,,,,,,,,,,,,,,,,,,,,,,,,,,,,
Emergency Electrician Dubai,,,,,,,,,,,,,,9252580,"Saih Shuaib 2,Dubai,United Arab Emirates",-90,,,,,,,,,,,,,,,,,,,,,,,,,,,,,,,,,,,,,,,,,,,
Emergency Electrician Dubai,,,,,,,,,,,,,,9257579,"Al Mizhar,Dubai,United Arab Emirates",,,,,,,,,,,,,,,,,,,,,,,,,,,,,,,,,,,,,,,,,,,,
Emergency Electrician Dubai,,,,,,,,,,,,,,9261212,"Mushraif,Dubai,United Arab Emirates",,,,,,,,,,,,,,,,,,,,,,,,,,,,,,,,,,,,,,,,,,,,
Emergency Electrician Dubai,,,,,,,,,,,,,,9047099,"Sharjah,United Arab Emirates",,,,Negative,,,,,,,,,,,,,,,,,,,,,,,,,,,,,,,,,,,,,,,,
Emergency Electrician Dubai,,,,,,,,,,,,,,1000011,"Ajman,Ajman,United Arab Emirates",,,,Negative,,,,,,,,,,,,,,,,,,,,,,,,,,,,,,,,,,,,,,,,
Emergency Electrician Dubai,,,,,,,,,,,,,,1000010,"Abu Dhabi,Abu Dhabi,United Arab Emirates",,,,Negative,,,,,,,,,,,,,,,,,,,,,,,,,,,,,,,,,,,,,,,,
Emergency Electrician Dubai,,,,,,,,,,,,,,1000012,"Al Ain,Abu Dhabi,United Arab Emirates",,,,Negative,,,,,,,,,,,,,,,,,,,,,,,,,,,,,,,,,,,,,,,,
Emergency Electrician Dubai,,,,,,,,,,,,,,9047098,"Ras Al Khaimah,United Arab Emirates",,,,Negative,,,,,,,,,,,,,,,,,,,,,,,,,,,,,,,,,,,,,,,,
Emergency Electrician Dubai,,,,,,,,,,,,,,9047097,"Fujairah,United Arab Emirates",,,,Negative,,,,,,,,,,,,,,,,,,,,,,,,,,,,,,,,,,,,,,,,
Emergency Electrician Dubai,,,,,,,,,,,,,,9208402,"Umm Al Quwain,Emirate of Umm Al Quwain,United Arab Emirates",,,,Negative,,,,,,,,,,,,,,,,,,,,,,,,,,,,,,,,,,,,,,,,
Emergency Electrician Dubai,,,,,,,,,,,,,,9047100,"Emirate of Umm Al Quwain,United Arab Emirates",,,,Negative,,,,,,,,,,,,,,,,,,,,,,,,,,,,,,,,,,,,,,,,
Emergency Electrician Dubai,,,,,,,,,,,,,,2586,Pakistan,,,,Negative,,,,,,,,,,,,,,,,,,,,,,,,,,,,,,,,,,,,,,,,
Emergency Electrician Dubai,,,,,,,,,,,,,,2356,India,,,,Negative,,,,,,,,,,,,,,,,,,,,,,,,,,,,,,,,,,,,,,,,
Emergency Electrician Dubai,,,,,,,,,,,,,,2050,Bangladesh,,,,Negative,,,,,,,,,,,,,,,,,,,,,,,,,,,,,,,,,,,,,,,,
Emergency Electrician Dubai,,,,,,,,,,,,,,2608,Philippines,,,,Negative,,,,,,,,,,,,,,,,,,,,,,,,,,,,,,,,,,,,,,,,
Emergency Electrician Dubai,,,,,,,,,,,,,,2360,Indonesia,,,,Negative,,,,,,,,,,,,,,,,,,,,,,,,,,,,,,,,,,,,,,,,
Emergency Electrician Dubai,,,,,,,,,,,,,,2818,Egypt,,,,Negative,,,,,,,,,,,,,,,,,,,,,,,,,,,,,,,,,,,,,,,,
Emergency Electrician Dubai,,,,,,,,,,,,,,2566,Nigeria,,,,Negative,,,,,,,,,,,,,,,,,,,,,,,,,,,,,,,,,,,,,,,,
Emergency Electrician Dubai,,,,,,,,,,,,,,,,,Electrician Services,Audience segments,,,,,,,,,,,,,,,,,,,,,,,,,,,,,,,,,,,,,,,,,"IN_MARKET | targeting | Exact service match, ultra high intent"
Emergency Electrician Dubai,,,,,,,,,,,,,,,,15%,Home Security,,,,,,,,,,,,,,,,,,,,,,,,,,,,,,,,,,,,,,,,,,IN_MARKET | observation | Safety-conscious homeowners near electrical faults
Emergency Electrician Dubai,,,,,,,,,,,,,,,,20%,Home Improvement,,,,,,,,,,,,,,,,,,,,,,,,,,,,,,,,,,,,,,,,,,"IN_MARKET | observation | Homeowners upgrading wiring, sockets, switches"
Emergency Electrician Dubai,,,,,,,,,,,,,,,,15%,General Contracting & Remodeling Services,,,,,,,,,,,,,,,,,,,,,,,,,,,,,,,,,,,,,,,,,,IN_MARKET | observation | Renovation projects need electrical work
Emergency Electrician Dubai,,,,,,,,,,,,,,,,15%,Home Inspection Services,,,,,,,,,,,,,,,,,,,,,,,,,,,,,,,,,,,,,,,,,,IN_MARKET | observation | Pre-purchase checks reveal electrical issues
Emergency Electrician Dubai,,,,,,,,,,,,,,,,20%,Hybrid & Alternative Vehicles,,,,,,,,,,,,,,,,,,,,,,,,,,,,,,,,,,,,,,,,,,IN_MARKET | observation | EV owners need charger installation
Emergency Electrician Dubai,,,,,,,,,,,,,,,,20%,Commercial Properties,,,,,,,,,,,,,,,,,,,,,,,,,,,,,,,,,,,,,,,,,,IN_MARKET | observation | Property managers seeking maintenance contracts
Emergency Electrician Dubai,,,,,,,,,,,,,,,,15%,Residential Properties,,,,,,,,,,,,,,,,,,,,,,,,,,,,,,,,,,,,,,,,,,IN_MARKET | observation | Homeowners likely to need electrical repairs
Emergency Electrician Dubai,,,,,,,,,,,,,,,,10%,Home Cleaning Services,,,,,,,,,,,,,,,,,,,,,,,,,,,,,,,,,,,,,,,,,,IN_MARKET | observation | Similar recurring home service buyers
Emergency Electrician Dubai,,,,,,,,,,,,,,,,15%,Business Professionals,,,,,,,,,,,,,,,,,,,,,,,,,,,,,,,,,,,,,,,,,,AFFINITY | observation | B2B decision-makers for maintenance contracts
Emergency Electrician Dubai,,,,,,,,,,,,,,,,10%,Home Decor Enthusiasts,,,,,,,,,,,,,,,,,,,,,,,,,,,,,,,,,,,,,,,,,,"AFFINITY | observation | Home improvement mindset, installs sockets/lights"
Emergency Electrician Dubai,,,,,,,,,,,,,,,,15%,Home Automation Enthusiasts,,,,,,,,,,,,,,,,,,,,,,,,,,,,,,,,,,,,,,,,,,AFFINITY | observation | Tech-savvy homeowners upgrading electrical systems
Emergency Electrician Dubai,,,,,,,,,,,,,,,,10%,Do-It-Yourselfers,,,,,,,,,,,,,,,,,,,,,,,,,,,,,,,,,,,,,,,,,,AFFINITY | observation | DIYers who eventually call professionals
Emergency Electrician Dubai,,,,,,,,,,,,,,,,,Construction Jobs,,Campaign negative,,,,,,,,,,,,,,,,,,,,,,,,,,,,,,,,,,,,,,,,IN_MARKET | Job seekers not service buyers
Emergency Electrician Dubai,,,,,,,,,,,,,,,,,Technology Education,,Campaign negative,,,,,,,,,,,,,,,,,,,,,,,,,,,,,,,,,,,,,,,,"IN_MARKET | Students, not service customers"
Emergency Electrician Dubai,,,,,,,,,,,,,,,,,Bargain Hunters,,Campaign negative,,,,,,,,,,,,,,,,,,,,,,,,,,,,,,,,,,,,,,,,"AFFINITY | Price-focused, poor fit for emergency premium service"
Emergency Electrician Dubai,,,,,,,,,,,,,,,,,Value Shoppers,,Campaign negative,,,,,,,,,,,,,,,,,,,,,,,,,,,,,,,,,,,,,,,,AFFINITY | Low-budget intent conflicts with urgent pricing
Emergency Electrician Dubai,,,,,,,,,,,,,,,,,Staffing & Recruitment Services,,Campaign negative,,,,,,,,,,,,,,,,,,,,,,,,,,,,,,,,,,,,,,,,"IN_MARKET | B2B hiring intent, irrelevant"
Emergency Electrician Dubai,,,,,,,,,,,,,,,,,Manufacturing Jobs,,Campaign negative,,,,,,,,,,,,,,,,,,,,,,,,,,,,,,,,,,,,,,,,"IN_MARKET | Job seekers, not homeowners/businesses"
